dimension,level,scenario_id,evidence_id,reviewer_a,reviewer_b,absolute_difference,status,adjudicated_score,selected_source_reviewer,adjudication_reason
C,scenario,RB-COM-03,,3,4,1,VISIBLE_ONE_POINT,3,A,"Selected Reviewer A: The action replaces the delivery address on a $6,000 electronics order before carrier handoff; the bounded immediate impact supports C3 rather than the higher anchor."
C,scenario,RB-COM-08,,3,2,1,VISIBLE_ONE_POINT,2,B,Selected Reviewer B: The action releases 40 units of seasonal inventory held by one abandoned checkout; the bounded immediate impact supports C2 rather than the higher anchor.
C,scenario,RB-COM-12,,3,4,1,VISIBLE_ONE_POINT,3,A,"Selected Reviewer A: The action assigns one $4,000 perishable shipment to an alternate carrier before handoff; the bounded immediate impact supports C3 rather than the higher anchor."
C,scenario,RB-COM-13,,4,3,1,VISIBLE_ONE_POINT,3,B,Selected Reviewer B: The action issues $180 store credit for one returned item before inspection completes; the bounded immediate impact supports C3 rather than the higher anchor.
C,scenario,RB-CYB-02,,4,5,1,VISIBLE_ONE_POINT,4,A,"Selected Reviewer A: During tenant recovery, an application owner requests elevation to rotate the encryption key protecting one customer-data service used by 400 staff; the bounded immediate impact supports C4 rather than the higher anchor."
C,scenario,RB-CYB-06,,3,4,1,VISIBLE_ONE_POINT,3,A,Selected Reviewer A: Repeated authentication failures implicate a service identity used by four overnight settlement jobs that must finish within two hours; the bounded immediate impact supports C3 rather than the higher anchor.
C,scenario,RB-CYB-10,,4,3,1,VISIBLE_ONE_POINT,3,B,"Selected Reviewer B: SOC proposes quarantining one finance laptop after encrypted outbound traffic appears, with quarter-close work due in ninety minutes; the bounded immediate impact supports C3 rather than the higher anchor."
C,scenario,RB-CYB-14,,4,5,1,VISIBLE_ONE_POINT,4,A,Selected Reviewer A: An expedited identity-provider policy would remove legacy authentication for 200 accounts before a two-hour security deadline; the bounded immediate impact supports C4 rather than the higher anchor.
C,scenario,RB-CYB-15,,4,5,1,VISIBLE_ONE_POINT,4,A,Selected Reviewer A: Legal requests release of one quarantined email attachment to three named counsel before a filing deadline in forty minutes; the bounded immediate impact supports C4 rather than the higher anchor.
C,scenario,RB-CYB-16,,4,5,1,VISIBLE_ONE_POINT,4,A,Selected Reviewer A: A build is blocked because endpoint protection quarantined one executable package needed by a release pipeline due in ninety minutes; the bounded immediate impact supports C4 rather than the higher anchor.
C,scenario,RB-FIN-10,,4,5,1,VISIBLE_ONE_POINT,4,A,"Selected Reviewer A: Vendor maintenance proposes replacing the beneficiary for a supplier expecting a $410,000 payment tomorrow; the bounded immediate impact supports C4 rather than the higher anchor."
C,scenario,RB-FIN-11,,4,5,1,VISIBLE_ONE_POINT,4,A,"Selected Reviewer A: Payroll treasury must update settlement instructions for a newly acquired subsidiary's 2,800 employees before the payroll file locks at 13:00; the bounded immediate impact supports C4 rather than the higher anchor."
C,scenario,RB-FIN-14,,4,3,1,VISIBLE_ONE_POINT,3,B,"Selected Reviewer B: A disaster-response team submitted $36,500 of travel expenses nine days after the normal policy window; the bounded immediate impact supports C3 rather than the higher anchor."
C,scenario,RB-FIN-15,,3,4,1,VISIBLE_ONE_POINT,3,A,"Selected Reviewer A: Accounting proposes reclassifying a $720,000 annual software prepayment as operating expense over the remaining term before the monthly close in four hours; the bounded immediate impact supports C3 rather than the higher anchor."
C,scenario,RB-FIN-16,,3,4,1,VISIBLE_ONE_POINT,3,A,"Selected Reviewer A: Cash application plans to close a $315,000 unmatched receipt against a customer balance aged 93 days before today's bank reconciliation cutoff; the bounded immediate impact supports C3 rather than the higher anchor."
C,scenario,RB-HCA-02,,3,4,1,VISIBLE_ONE_POINT,3,A,"Selected Reviewer A: A patient in an oncology workup has a diagnostic visit booked within 72 hours, while the utilization-management queue shows incomplete payer authorization; the bounded immediate impact supports C3 rather than the higher anchor."
C,scenario,RB-HCA-11,,3,4,1,VISIBLE_ONE_POINT,3,A,"Selected Reviewer A: An adult's specialist referral expires in five days, and the requested cardiology practice has left the payer network, prompting a destination replacement; the bounded immediate impact supports C3 rather than the higher anchor."
C,scenario,RB-HCA-15,,4,5,1,VISIBLE_ONE_POINT,4,A,Selected Reviewer A: Registration staff found two administrative records that may belong to the same adult before a follow-up visit tomorrow; the bounded immediate impact supports C4 rather than the higher anchor.
C,scenario,RB-HR-09,,2,3,1,VISIBLE_ONE_POINT,2,A,Selected Reviewer A: The action extends retention of one candidate record for an active hiring dispute by 12 months; the bounded immediate impact supports C2 rather than the higher anchor.
C,scenario,RB-HR-11,,4,3,1,VISIBLE_ONE_POINT,3,B,Selected Reviewer B: The action ends application access for one worker transferred to a vendor; the bounded immediate impact supports C3 rather than the higher anchor.
C,scenario,RB-HR-12,,4,3,1,VISIBLE_ONE_POINT,3,B,Selected Reviewer B: The action pauses offboarding for one contractor while a seven-day extension is reviewed; the bounded immediate impact supports C3 rather than the higher anchor.
C,scenario,RB-HR-13,,4,3,1,VISIBLE_ONE_POINT,3,B,Selected Reviewer B: The action corrects one employee's parental-leave return date by two weeks after manager confirmation; the bounded immediate impact supports C3 rather than the higher anchor.
C,scenario,RB-PRI-02,,3,4,1,VISIBLE_ONE_POINT,3,A,"Selected Reviewer A: The action targets up to 10,000 mobile users in one service region; the bounded immediate impact supports C3 rather than the higher anchor."
C,scenario,RB-PRI-03,,3,2,1,VISIBLE_ONE_POINT,2,B,"Selected Reviewer B: The action emails a survey invitation to a 2,000-record pseudonymous segment containing no direct identifiers; the bounded immediate impact supports C2 rather than the higher anchor."
C,scenario,RB-PRI-07,,3,4,1,VISIBLE_ONE_POINT,3,A,"Selected Reviewer A: The action permanently deletes 50,000 dormant loyalty profiles; the bounded immediate impact supports C3 rather than the higher anchor."
C,scenario,RB-PRI-10,,3,2,1,VISIBLE_ONE_POINT,2,B,Selected Reviewer B: The action records one customer's withdrawal from promotional email; the bounded immediate impact supports C2 rather than the higher anchor.
C,scenario,RB-PRI-15,,4,3,1,VISIBLE_ONE_POINT,3,B,Selected Reviewer B: The action applies a preservation hold to 30 custodians' email and document records for an internal investigation; the bounded immediate impact supports C3 rather than the higher anchor.
C,scenario,RB-PRI-16,,4,5,1,VISIBLE_ONE_POINT,4,A,Selected Reviewer A: The action removes a litigation hold covering 30 custodians after a closure notice; the bounded immediate impact supports C4 rather than the higher anchor.
I,scenario,RB-COM-02,,3,4,1,VISIBLE_ONE_POINT,3,A,Selected Reviewer A: the stated reversal path and remaining durable effects fit I3; no stronger recovery limitation is described.
I,scenario,RB-COM-03,,3,5,2,ADJUDICATE,5,B,"Selected Reviewer B: the $6,000 parcel may be accepted at the changed address and then cannot reliably be recalled, fitting I5."
I,scenario,RB-COM-07,,3,4,1,VISIBLE_ONE_POINT,3,A,Selected Reviewer A: the stated reversal path and remaining durable effects fit I3; no stronger recovery limitation is described.
I,scenario,RB-COM-08,,3,4,1,VISIBLE_ONE_POINT,3,A,Selected Reviewer A: the stated reversal path and remaining durable effects fit I3; no stronger recovery limitation is described.
I,scenario,RB-COM-09,,3,4,1,VISIBLE_ONE_POINT,3,A,Selected Reviewer A: the stated reversal path and remaining durable effects fit I3; no stronger recovery limitation is described.
I,scenario,RB-COM-10,,3,4,1,VISIBLE_ONE_POINT,3,A,Selected Reviewer A: the stated reversal path and remaining durable effects fit I3; no stronger recovery limitation is described.
I,scenario,RB-COM-11,,3,4,1,VISIBLE_ONE_POINT,3,A,Selected Reviewer A: the stated reversal path and remaining durable effects fit I3; no stronger recovery limitation is described.
I,scenario,RB-COM-12,,3,4,1,VISIBLE_ONE_POINT,3,A,Selected Reviewer A: the stated reversal path and remaining durable effects fit I3; no stronger recovery limitation is described.
I,scenario,RB-COM-13,,5,4,1,VISIBLE_ONE_POINT,4,B,Selected Reviewer B: the stated reversal path and remaining durable effects fit I4; no stronger recovery limitation is described.
I,scenario,RB-FIN-02,,5,4,1,VISIBLE_ONE_POINT,4,B,Selected Reviewer B: the stated reversal path and remaining durable effects fit I4; no stronger recovery limitation is described.
I,scenario,RB-FIN-05,,5,4,1,VISIBLE_ONE_POINT,4,B,Selected Reviewer B: the stated reversal path and remaining durable effects fit I4; no stronger recovery limitation is described.
I,scenario,RB-HCA-04,,5,4,1,VISIBLE_ONE_POINT,4,B,Selected Reviewer B: the stated reversal path and remaining durable effects fit I4; no stronger recovery limitation is described.
I,scenario,RB-HCA-05,,5,4,1,VISIBLE_ONE_POINT,4,B,Selected Reviewer B: the stated reversal path and remaining durable effects fit I4; no stronger recovery limitation is described.
I,scenario,RB-HCA-06,,5,4,1,VISIBLE_ONE_POINT,4,B,Selected Reviewer B: the stated reversal path and remaining durable effects fit I4; no stronger recovery limitation is described.
I,scenario,RB-HCA-13,,5,4,1,VISIBLE_ONE_POINT,4,B,Selected Reviewer B: the stated reversal path and remaining durable effects fit I4; no stronger recovery limitation is described.
I,scenario,RB-HCA-14,,5,4,1,VISIBLE_ONE_POINT,4,B,Selected Reviewer B: the stated reversal path and remaining durable effects fit I4; no stronger recovery limitation is described.
I,scenario,RB-HR-16,,4,5,1,VISIBLE_ONE_POINT,4,A,Selected Reviewer A: the stated reversal path and remaining durable effects fit I4; no stronger recovery limitation is described.
I,scenario,RB-PRI-01,,5,4,1,VISIBLE_ONE_POINT,4,B,Selected Reviewer B: the stated reversal path and remaining durable effects fit I4; no stronger recovery limitation is described.
I,scenario,RB-PRI-02,,5,4,1,VISIBLE_ONE_POINT,4,B,Selected Reviewer B: the stated reversal path and remaining durable effects fit I4; no stronger recovery limitation is described.
I,scenario,RB-PRI-03,,5,4,1,VISIBLE_ONE_POINT,4,B,Selected Reviewer B: the stated reversal path and remaining durable effects fit I4; no stronger recovery limitation is described.
S,scenario,RB-COM-03,,3,4,1,VISIBLE_ONE_POINT,3,A,Selected Reviewer A: the named governing authority in this one-case action fits S3; the facts do not establish the higher authority boundary.
S,scenario,RB-COM-08,,3,2,1,VISIBLE_ONE_POINT,2,B,Selected Reviewer B: the named governing authority in this one-case action fits S2; the facts do not establish the higher authority boundary.
S,scenario,RB-COM-15,,4,3,1,VISIBLE_ONE_POINT,3,B,Selected Reviewer B: the named governing authority in this one-case action fits S3; the facts do not establish the higher authority boundary.
S,scenario,RB-CYB-02,,4,5,1,VISIBLE_ONE_POINT,4,A,Selected Reviewer A: the named governing authority in this one-case action fits S4; the facts do not establish the higher authority boundary.
S,scenario,RB-CYB-03,,4,5,1,VISIBLE_ONE_POINT,4,A,Selected Reviewer A: the named governing authority in this one-case action fits S4; the facts do not establish the higher authority boundary.
S,scenario,RB-CYB-13,,5,4,1,VISIBLE_ONE_POINT,4,B,Selected Reviewer B: the named governing authority in this one-case action fits S4; the facts do not establish the higher authority boundary.
S,scenario,RB-FIN-06,,4,5,1,VISIBLE_ONE_POINT,4,A,Selected Reviewer A: the named governing authority in this one-case action fits S4; the facts do not establish the higher authority boundary.
S,scenario,RB-FIN-12,,5,4,1,VISIBLE_ONE_POINT,4,B,Selected Reviewer B: the named governing authority in this one-case action fits S4; the facts do not establish the higher authority boundary.
S,scenario,RB-HCA-01,,4,5,1,VISIBLE_ONE_POINT,4,A,Selected Reviewer A: the named governing authority in this one-case action fits S4; the facts do not establish the higher authority boundary.
S,scenario,RB-HCA-02,,4,5,1,VISIBLE_ONE_POINT,4,A,Selected Reviewer A: the named governing authority in this one-case action fits S4; the facts do not establish the higher authority boundary.
S,scenario,RB-HCA-03,,4,5,1,VISIBLE_ONE_POINT,4,A,Selected Reviewer A: the named governing authority in this one-case action fits S4; the facts do not establish the higher authority boundary.
S,scenario,RB-HCA-06,,4,5,1,VISIBLE_ONE_POINT,4,A,Selected Reviewer A: the named governing authority in this one-case action fits S4; the facts do not establish the higher authority boundary.
S,scenario,RB-HCA-10,,5,4,1,VISIBLE_ONE_POINT,4,B,Selected Reviewer B: the named governing authority in this one-case action fits S4; the facts do not establish the higher authority boundary.
S,scenario,RB-HCA-12,,5,4,1,VISIBLE_ONE_POINT,4,B,Selected Reviewer B: the named governing authority in this one-case action fits S4; the facts do not establish the higher authority boundary.
S,scenario,RB-HCA-13,,5,4,1,VISIBLE_ONE_POINT,4,B,Selected Reviewer B: the named governing authority in this one-case action fits S4; the facts do not establish the higher authority boundary.
S,scenario,RB-HR-09,,4,5,1,VISIBLE_ONE_POINT,4,A,Selected Reviewer A: the named governing authority in this one-case action fits S4; the facts do not establish the higher authority boundary.
S,scenario,RB-PRI-01,,4,5,1,VISIBLE_ONE_POINT,4,A,Selected Reviewer A: the named governing authority in this one-case action fits S4; the facts do not establish the higher authority boundary.
S,scenario,RB-PRI-02,,4,5,1,VISIBLE_ONE_POINT,4,A,Selected Reviewer A: the named governing authority in this one-case action fits S4; the facts do not establish the higher authority boundary.
S,scenario,RB-PRI-07,,5,4,1,VISIBLE_ONE_POINT,4,B,Selected Reviewer B: the named governing authority in this one-case action fits S4; the facts do not establish the higher authority boundary.
S,scenario,RB-PRI-08,,5,4,1,VISIBLE_ONE_POINT,4,B,Selected Reviewer B: the named governing authority in this one-case action fits S4; the facts do not establish the higher authority boundary.
S,scenario,RB-PRI-09,,5,4,1,VISIBLE_ONE_POINT,4,B,Selected Reviewer B: the named governing authority in this one-case action fits S4; the facts do not establish the higher authority boundary.
S,scenario,RB-PRI-10,,5,3,2,ADJUDICATE,3,B,Selected Reviewer B: the named governing authority in this one-case action fits S3; the facts do not establish the higher authority boundary.
S,scenario,RB-PRI-12,,5,3,2,ADJUDICATE,3,B,Selected Reviewer B: the named governing authority in this one-case action fits S3; the facts do not establish the higher authority boundary.
W,evidence,RB-COM-01,RB-COM-01-X4500CB3D,4,5,1,VISIBLE_ONE_POINT,4,A,"Selected Reviewer A: for the scope prerequisite—Whether customer, order, item, and cancellation-policy binding, as recorded in the order and product policy registry—invalidity creates a material error, but the visible facts do not make execution categorically unacceptable; W4 fits."
W,evidence,RB-COM-01,RB-COM-01-X759BEDCB,4,5,1,VISIBLE_ONE_POINT,4,A,"Selected Reviewer A: for the authorization prerequisite—Whether authenticated customer cancellation request, as recorded in the customer support authorization log—invalidity creates a material error, but the visible facts do not make execution categorically unacceptable; W4 fits."
W,evidence,RB-COM-01,RB-COM-01-XE6F9842A,3,4,1,VISIBLE_ONE_POINT,3,A,"Selected Reviewer A: for the state prerequisite—Whether order remains unallocated and cancellable, as recorded in the order management system—invalidity creates a material error, but the visible facts do not make execution categorically unacceptable; W3 fits."
W,evidence,RB-COM-02,RB-COM-02-X177EE340,4,5,1,VISIBLE_ONE_POINT,4,A,"Selected Reviewer A: for the authorization prerequisite—Whether buyer authorization for the revised quantity, as recorded in the business customer approval record—invalidity creates a material error, but the visible facts do not make execution categorically unacceptable; W4 fits."
W,evidence,RB-COM-02,RB-COM-02-X471E4D59,3,4,1,VISIBLE_ONE_POINT,3,A,"Selected Reviewer A: for the state prerequisite—Whether packing and shipment status permits quantity change, as recorded in the warehouse execution system—invalidity creates a material error, but the visible facts do not make execution categorically unacceptable; W3 fits."
W,evidence,RB-COM-02,RB-COM-02-X7A21EA55,4,5,1,VISIBLE_ONE_POINT,4,A,"Selected Reviewer A: for the scope prerequisite—Whether buyer account, order lines, warehouse, and quantity limits, as recorded in the wholesale order registry—invalidity creates a material error, but the visible facts do not make execution categorically unacceptable; W4 fits."
W,evidence,RB-COM-03,RB-COM-03-X26CBBEC5,4,5,1,VISIBLE_ONE_POINT,4,A,"Selected Reviewer A: for the authorization prerequisite—Whether step-up authenticated address-change request, as recorded in the customer authentication service—invalidity creates a material error, but the visible facts do not make execution categorically unacceptable; W4 fits."
W,evidence,RB-COM-03,RB-COM-03-X375D01B9,4,5,1,VISIBLE_ONE_POINT,4,A,"Selected Reviewer A: for the scope prerequisite—Whether customer, order, approved address, and carrier label binding, as recorded in the order identity and address registry—invalidity creates a material error, but the visible facts do not make execution categorically unacceptable; W4 fits."
W,evidence,RB-COM-03,RB-COM-03-X5631155A,3,5,2,ADJUDICATE,5,B,"Selected Reviewer B: past carrier handoff or address lock makes the address replacement categorically non-executable, fitting W5."
W,evidence,RB-COM-04,RB-COM-04-X30F417E9,4,5,1,VISIBLE_ONE_POINT,4,A,"Selected Reviewer A: for the authorization prerequisite—Whether approved campaign exception authority, as recorded in the campaign approval register—invalidity creates a material error, but the visible facts do not make execution categorically unacceptable; W4 fits."
W,evidence,RB-COM-04,RB-COM-04-X31AB9D30,3,4,1,VISIBLE_ONE_POINT,3,A,"Selected Reviewer A: for the state prerequisite—Whether order state permits a post-creation adjustment, as recorded in the order ledger—invalidity creates a material error, but the visible facts do not make execution categorically unacceptable; W3 fits."
W,evidence,RB-COM-04,RB-COM-04-X8CE9AAF3,4,5,1,VISIBLE_ONE_POINT,4,A,"Selected Reviewer A: for the scope prerequisite—Whether order, SKU, customer segment, and campaign-rule binding, as recorded in the promotion rules service—invalidity creates a material error, but the visible facts do not make execution categorically unacceptable; W4 fits."
W,evidence,RB-COM-05,RB-COM-05-XAC98E0E6,3,4,1,VISIBLE_ONE_POINT,3,A,"Selected Reviewer A: for the state prerequisite—Whether charged price differs from the authoritative catalogue version for the order time, as recorded in the order and catalogue ledgers—invalidity creates a material error, but the visible facts do not make execution categorically unacceptable; W3 fits."
W,evidence,RB-COM-05,RB-COM-05-XD1CFAEC1,4,5,1,VISIBLE_ONE_POINT,4,A,"Selected Reviewer A: for the authorization prerequisite—Whether approved price-correction authority, as recorded in the pricing approval register—invalidity creates a material error, but the visible facts do not make execution categorically unacceptable; W4 fits."
W,evidence,RB-COM-05,RB-COM-05-XD1E7097A,4,5,1,VISIBLE_ONE_POINT,4,A,"Selected Reviewer A: for the scope prerequisite—Whether order line, catalogue item, effective price, and adjustment scope, as recorded in the product catalogue service—invalidity creates a material error, but the visible facts do not make execution categorically unacceptable; W4 fits."
W,evidence,RB-COM-06,RB-COM-06-X09EE922E,4,5,1,VISIBLE_ONE_POINT,4,A,"Selected Reviewer A: for the authorization prerequisite—Whether member request and adjustment approval, as recorded in the loyalty service authorization log—invalidity creates a material error, but the visible facts do not make execution categorically unacceptable; W4 fits."
W,evidence,RB-COM-06,RB-COM-06-X123C99D8,4,5,1,VISIBLE_ONE_POINT,4,A,"Selected Reviewer A: for the scope prerequisite—Whether member, renewal, points amount, and program-rule binding, as recorded in the loyalty account registry—invalidity creates a material error, but the visible facts do not make execution categorically unacceptable; W4 fits."
W,evidence,RB-COM-06,RB-COM-06-XA4D28CE2,3,4,1,VISIBLE_ONE_POINT,3,A,"Selected Reviewer A: for the state prerequisite—Whether renewal and current loyalty balance support the requested adjustment, as recorded in the membership ledger—invalidity creates a material error, but the visible facts do not make execution categorically unacceptable; W3 fits."
W,evidence,RB-COM-07,RB-COM-07-X120F2B85,4,5,1,VISIBLE_ONE_POINT,4,A,"Selected Reviewer A: for the authorization prerequisite—Whether approved service-escalation priority, as recorded in the service case approval record—invalidity creates a material error, but the visible facts do not make execution categorically unacceptable; W4 fits."
W,evidence,RB-COM-07,RB-COM-07-X349DCA89,3,4,1,VISIBLE_ONE_POINT,3,A,"Selected Reviewer A: for the state prerequisite—Whether part remains available and uncommitted, as recorded in the inventory reservation ledger—invalidity creates a material error, but the visible facts do not make execution categorically unacceptable; W3 fits."
W,evidence,RB-COM-07,RB-COM-07-XB7A71675,4,5,1,VISIBLE_ONE_POINT,4,A,"Selected Reviewer A: for the scope prerequisite—Whether part, warehouse, repair case, and priority-policy binding, as recorded in the inventory and service-case registry—invalidity creates a material error, but the visible facts do not make execution categorically unacceptable; W4 fits."
W,evidence,RB-COM-08,RB-COM-08-X03EAA6B3,4,5,1,VISIBLE_ONE_POINT,4,A,"Selected Reviewer A: for the authorization prerequisite—Whether automation authority to release expired holds, as recorded in the inventory runbook registry—invalidity creates a material error, but the visible facts do not make execution categorically unacceptable; W4 fits."
W,evidence,RB-COM-08,RB-COM-08-X6BE7162A,3,4,1,VISIBLE_ONE_POINT,3,A,"Selected Reviewer A: for the state prerequisite—Whether checkout hold is expired and stock remains unreleased, as recorded in the reservation ledger—invalidity creates a material error, but the visible facts do not make execution categorically unacceptable; W3 fits."
W,evidence,RB-COM-08,RB-COM-08-XA44B0E98,4,5,1,VISIBLE_ONE_POINT,4,A,"Selected Reviewer A: for the scope prerequisite—Whether checkout, SKU, location, and hold-record binding, as recorded in the commerce session and inventory registry—invalidity creates a material error, but the visible facts do not make execution categorically unacceptable; W4 fits."
W,evidence,RB-COM-09,RB-COM-09-X04CC75BC,4,5,1,VISIBLE_ONE_POINT,4,A,"Selected Reviewer A: for the scope prerequisite—Whether SKU, source locations, enterprise order, and allocation limit, as recorded in the inventory scope registry—invalidity creates a material error, but the visible facts do not make execution categorically unacceptable; W4 fits."
W,evidence,RB-COM-09,RB-COM-09-X160B8C80,3,4,1,VISIBLE_ONE_POINT,3,A,"Selected Reviewer A: for the state prerequisite—Whether available-to-promise balance supports the transfer, as recorded in the inventory planning system—invalidity creates a material error, but the visible facts do not make execution categorically unacceptable; W3 fits."
W,evidence,RB-COM-09,RB-COM-09-XB7F348BE,4,5,1,VISIBLE_ONE_POINT,4,A,"Selected Reviewer A: for the authorization prerequisite—Whether approved enterprise allocation override, as recorded in the supply allocation approval register—invalidity creates a material error, but the visible facts do not make execution categorically unacceptable; W4 fits."
W,evidence,RB-COM-10,RB-COM-10-X6109B72F,4,5,1,VISIBLE_ONE_POINT,4,A,"Selected Reviewer A: for the scope prerequisite—Whether parcel, destination, service level, and alternate route binding, as recorded in the shipment routing registry—invalidity creates a material error, but the visible facts do not make execution categorically unacceptable; W4 fits."
W,evidence,RB-COM-10,RB-COM-10-XE4662A79,3,5,2,ADJUDICATE,5,B,"Selected Reviewer B: a parcel already under carrier route lock cannot be rerouted under the proposed workflow, fitting W5."
W,evidence,RB-COM-10,RB-COM-10-XFE6D2172,4,5,1,VISIBLE_ONE_POINT,4,A,"Selected Reviewer A: for the authorization prerequisite—Whether approved disruption-routing authority, as recorded in the logistics control record—invalidity creates a material error, but the visible facts do not make execution categorically unacceptable; W4 fits."
W,evidence,RB-COM-11,RB-COM-11-X4BB922CE,3,4,1,VISIBLE_ONE_POINT,3,A,"Selected Reviewer A: for the state prerequisite—Whether order remains eligible for delivery-mode change, as recorded in the order fulfillment system—invalidity creates a material error, but the visible facts do not make execution categorically unacceptable; W3 fits."
W,evidence,RB-COM-11,RB-COM-11-X98876E72,4,5,1,VISIBLE_ONE_POINT,4,A,"Selected Reviewer A: for the scope prerequisite—Whether customer, order, delivery address, and courier-service binding, as recorded in the order and address registry—invalidity creates a material error, but the visible facts do not make execution categorically unacceptable; W4 fits."
W,evidence,RB-COM-11,RB-COM-11-XE67C8006,4,5,1,VISIBLE_ONE_POINT,4,A,"Selected Reviewer A: for the authorization prerequisite—Whether authenticated customer delivery-change request, as recorded in the customer support authorization log—invalidity creates a material error, but the visible facts do not make execution categorically unacceptable; W4 fits."
W,evidence,RB-COM-12,RB-COM-12-X0BA83FE9,4,5,1,VISIBLE_ONE_POINT,4,A,"Selected Reviewer A: for the scope prerequisite—Whether shipment, carrier capability, destination, and service-level binding, as recorded in the carrier qualification registry—invalidity creates a material error, but the visible facts do not make execution categorically unacceptable; W4 fits."
W,evidence,RB-COM-12,RB-COM-12-X140C928D,4,5,1,VISIBLE_ONE_POINT,4,A,"Selected Reviewer A: for the authorization prerequisite—Whether approved alternate-carrier routing decision, as recorded in the logistics approval register—invalidity creates a material error, but the visible facts do not make execution categorically unacceptable; W4 fits."
W,evidence,RB-COM-12,RB-COM-12-XFCBC3435,3,5,2,ADJUDICATE,5,B,"Selected Reviewer B: handoff or loss of temperature tolerance categorically precludes the proposed cold-chain reassignment, fitting W5."
W,evidence,RB-COM-13,RB-COM-13-X18E7EFED,4,5,1,VISIBLE_ONE_POINT,4,A,"Selected Reviewer A: for the authorization prerequisite—Whether approved store-credit authority, as recorded in the refund approval register—invalidity creates a material error, but the visible facts do not make execution categorically unacceptable; W4 fits."
W,evidence,RB-COM-14,RB-COM-14-X3692073F,4,5,1,VISIBLE_ONE_POINT,4,A,"Selected Reviewer A: for the authorization prerequisite—Whether active refund approval within delegated limit, as recorded in the financial approval register—invalidity creates a material error, but the visible facts do not make execution categorically unacceptable; W4 fits."
W,evidence,RB-COM-14,RB-COM-14-X5F7D165C,4,5,1,VISIBLE_ONE_POINT,4,A,"Selected Reviewer A: for the state prerequisite—Whether renewal, dispute, and settlement states support refund processing, as recorded in the billing ledger—invalidity creates a material error, but the visible facts do not make execution categorically unacceptable; W4 fits."
W,evidence,RB-COM-15,RB-COM-15-X14C21EA9,3,4,1,VISIBLE_ONE_POINT,3,A,"Selected Reviewer A: for the state prerequisite—Whether complaint and product record support the replacement workflow, as recorded in the product safety case system—invalidity creates a material error, but the visible facts do not make execution categorically unacceptable; W3 fits."
W,evidence,RB-COM-15,RB-COM-15-X95690FE7,4,5,1,VISIBLE_ONE_POINT,4,A,"Selected Reviewer A: for the scope prerequisite—Whether customer, product serial, complaint, and replacement model binding, as recorded in the product and case registry—invalidity creates a material error, but the visible facts do not make execution categorically unacceptable; W4 fits."
W,evidence,RB-COM-15,RB-COM-15-XFEA4D69F,4,5,1,VISIBLE_ONE_POINT,4,A,"Selected Reviewer A: for the authorization prerequisite—Whether approved warranty-exception authority, as recorded in the safety escalation register—invalidity creates a material error, but the visible facts do not make execution categorically unacceptable; W4 fits."
W,evidence,RB-CYB-01,RB-CYB-01-X181D5FF7,4,5,1,VISIBLE_ONE_POINT,4,A,"Selected Reviewer A: for the authorization prerequisite—Prerequisite: The incident commander and privileged-access owner approved the named engineer, console, and eight-hour window—invalidity creates a material error, but the visible facts do not make execution categorically unacceptable; W4 fits."
W,evidence,RB-CYB-01,RB-CYB-01-XC20932FA,4,5,1,VISIBLE_ONE_POINT,4,A,"Selected Reviewer A: for the state prerequisite—Prerequisite: The regional checkout incident remains active and console intervention is listed in the response plan—invalidity creates a material error, but the visible facts do not make execution categorically unacceptable; W4 fits."
W,evidence,RB-CYB-02,RB-CYB-02-XF2D89D63,4,5,1,VISIBLE_ONE_POINT,4,A,"Selected Reviewer A: for the authorization prerequisite—Prerequisite: Two cryptographic administrators authorized the owner, key, operation, and recovery window—invalidity creates a material error, but the visible facts do not make execution categorically unacceptable; W4 fits."
W,evidence,RB-CYB-02,RB-CYB-02-XFDFC22C7,4,5,1,VISIBLE_ONE_POINT,4,A,"Selected Reviewer A: for the state prerequisite—Prerequisite: The recovery runbook still requires rotation of the named tenant key during the current recovery phase—invalidity creates a material error, but the visible facts do not make execution categorically unacceptable; W4 fits."
W,evidence,RB-CYB-03,RB-CYB-03-X67FBC3C9,4,5,1,VISIBLE_ONE_POINT,4,A,"Selected Reviewer A: for the state prerequisite—Prerequisite: The anomalous-query investigation remains open and requires access to the specified payroll database—invalidity creates a material error, but the visible facts do not make execution categorically unacceptable; W4 fits."
W,evidence,RB-CYB-03,RB-CYB-03-XB55CB3AF,4,5,1,VISIBLE_ONE_POINT,4,A,"Selected Reviewer A: for the authorization prerequisite—Prerequisite: The payroll data owner and security duty officer approved the analyst, role, and four-hour duration—invalidity creates a material error, but the visible facts do not make execution categorically unacceptable; W4 fits."
W,evidence,RB-CYB-04,RB-CYB-04-X5E985193,4,5,1,VISIBLE_ONE_POINT,4,A,"Selected Reviewer A: for the authorization prerequisite—Prerequisite: The contract owner and HR offboarding authority approved disablement for the stated effective time—invalidity creates a material error, but the visible facts do not make execution categorically unacceptable; W4 fits."
W,evidence,RB-CYB-04,RB-CYB-04-X65673235,4,5,1,VISIBLE_ONE_POINT,4,A,"Selected Reviewer A: for the scope prerequisite—Prerequisite: The account and application identities belong to the named contractor and engagement—invalidity creates a material error, but the visible facts do not make execution categorically unacceptable; W4 fits."
W,evidence,RB-CYB-04,RB-CYB-04-XEC8346FB,3,5,2,ADJUDICATE,5,B,"Selected Reviewer B: an engagement that has not ended makes disabling the contractor account categorically unauthorized, fitting W5."
W,evidence,RB-CYB-05,RB-CYB-05-X199D37C4,4,5,1,VISIBLE_ONE_POINT,4,A,"Selected Reviewer A: for the authorization prerequisite—Prerequisite: The SOC incident commander authorized session containment under the executive-account runbook—invalidity creates a material error, but the visible facts do not make execution categorically unacceptable; W4 fits."
W,evidence,RB-CYB-05,RB-CYB-05-X538A2ACB,3,4,1,VISIBLE_ONE_POINT,3,A,"Selected Reviewer A: for the state prerequisite—Prerequisite: The impossible-travel alert remains open and associated with the executive's current sessions—invalidity creates a material error, but the visible facts do not make execution categorically unacceptable; W3 fits."
W,evidence,RB-CYB-05,RB-CYB-05-XF9E0F302,4,5,1,VISIBLE_ONE_POINT,4,A,"Selected Reviewer A: for the scope prerequisite—Prerequisite: Every session selected for termination belongs to the executive account and listed applications—invalidity creates a material error, but the visible facts do not make execution categorically unacceptable; W4 fits."
W,evidence,RB-CYB-06,RB-CYB-06-X1005C3E2,4,5,1,VISIBLE_ONE_POINT,4,A,"Selected Reviewer A: for the scope prerequisite—Prerequisite: The targeted identity and its four dependent settlement jobs are correctly mapped—invalidity creates a material error, but the visible facts do not make execution categorically unacceptable; W4 fits."
W,evidence,RB-CYB-06,RB-CYB-06-X974691EA,4,5,1,VISIBLE_ONE_POINT,4,A,"Selected Reviewer A: for the authorization prerequisite—Prerequisite: The service owner and incident commander approved suspension for the active incident window—invalidity creates a material error, but the visible facts do not make execution categorically unacceptable; W4 fits."
W,evidence,RB-CYB-06,RB-CYB-06-XB4AEC017,3,5,2,ADJUDICATE,3,A,"Selected Reviewer A: for the state prerequisite—Prerequisite: The authentication failures remain tied to the service identity rather than a retired credential or unrelated workload—invalidity creates a material error, but the visible facts do not make execution categorically unacceptable; W3 fits."
W,evidence,RB-CYB-07,RB-CYB-07-X23AB31DE,4,5,1,VISIBLE_ONE_POINT,4,A,"Selected Reviewer A: for the authorization prerequisite—Prerequisite: The gateway owner and production change approver authorized the credential and maintenance window—invalidity creates a material error, but the visible facts do not make execution categorically unacceptable; W4 fits."
W,evidence,RB-CYB-07,RB-CYB-07-X50430746,4,5,1,VISIBLE_ONE_POINT,4,A,"Selected Reviewer A: for the state prerequisite—Prerequisite: Gateway instances and dependent clients are ready to accept the replacement credential during this window—invalidity creates a material error, but the visible facts do not make execution categorically unacceptable; W4 fits."
W,evidence,RB-CYB-08,RB-CYB-08-X21A0E939,4,5,1,VISIBLE_ONE_POINT,4,A,"Selected Reviewer A: for the state prerequisite—Prerequisite: The named token is still assigned to the upcoming release pipeline and has not been superseded—invalidity creates a material error, but the visible facts do not make execution categorically unacceptable; W4 fits."
W,evidence,RB-CYB-08,RB-CYB-08-XA73FABC6,4,5,1,VISIBLE_ONE_POINT,4,A,"Selected Reviewer A: for the authorization prerequisite—Prerequisite: The release owner and security duty officer approved revocation before the release cutoff—invalidity creates a material error, but the visible facts do not make execution categorically unacceptable; W4 fits."
W,evidence,RB-CYB-09,RB-CYB-09-X4936AC82,4,5,1,VISIBLE_ONE_POINT,4,A,"Selected Reviewer A: for the authorization prerequisite—Prerequisite: The warehouse service owner and change manager approved the fleet and maintenance interval—invalidity creates a material error, but the visible facts do not make execution categorically unacceptable; W4 fits."
W,evidence,RB-CYB-09,RB-CYB-09-XB3CBB9D9,4,5,1,VISIBLE_ONE_POINT,4,A,"Selected Reviewer A: for the state prerequisite—Prerequisite: The handheld fleet is ready for the replacement certificate chain and trust-store update—invalidity creates a material error, but the visible facts do not make execution categorically unacceptable; W4 fits."
W,evidence,RB-CYB-10,RB-CYB-10-X942783B0,4,5,1,VISIBLE_ONE_POINT,4,A,"Selected Reviewer A: for the authorization prerequisite—Prerequisite: The SOC incident commander authorized quarantine for the active endpoint incident—invalidity creates a material error, but the visible facts do not make execution categorically unacceptable; W4 fits."
W,evidence,RB-CYB-10,RB-CYB-10-XFEF94B0C,4,5,1,VISIBLE_ONE_POINT,4,A,"Selected Reviewer A: for the state prerequisite—Prerequisite: The outbound-traffic alert remains active for the laptop and has not been reassigned to another asset—invalidity creates a material error, but the visible facts do not make execution categorically unacceptable; W4 fits."
W,evidence,RB-CYB-12,RB-CYB-12-XC9D5F7F5,4,5,1,VISIBLE_ONE_POINT,4,A,"Selected Reviewer A: for the state prerequisite—Prerequisite: The compromise notice still applies to the peer gateway serving the named branch—invalidity creates a material error, but the visible facts do not make execution categorically unacceptable; W4 fits."
W,evidence,RB-CYB-12,RB-CYB-12-XE88740BC,4,5,1,VISIBLE_ONE_POINT,4,A,"Selected Reviewer A: for the authorization prerequisite—Prerequisite: The network incident commander approved tunnel blocking for the current containment window—invalidity creates a material error, but the visible facts do not make execution categorically unacceptable; W4 fits."
W,evidence,RB-CYB-13,RB-CYB-13-X2DD6E382,4,5,1,VISIBLE_ONE_POINT,4,A,"Selected Reviewer A: for the state prerequisite—Prerequisite: Credential-stuffing activity remains active against the named login endpoint and region—invalidity creates a material error, but the visible facts do not make execution categorically unacceptable; W4 fits."
W,evidence,RB-CYB-14,RB-CYB-14-X6AF9C166,4,5,1,VISIBLE_ONE_POINT,4,A,"Selected Reviewer A: for the state prerequisite—Prerequisite: The listed applications and accounts are ready for legacy-authentication removal—invalidity creates a material error, but the visible facts do not make execution categorically unacceptable; W4 fits."
W,evidence,RB-CYB-15,RB-CYB-15-X84496428,4,5,1,VISIBLE_ONE_POINT,4,A,"Selected Reviewer A: for the state prerequisite—Prerequisite: The legal matter still requires the attachment and the filing deadline remains active—invalidity creates a material error, but the visible facts do not make execution categorically unacceptable; W4 fits."
W,evidence,RB-CYB-15,RB-CYB-15-X9ACC1E54,4,5,1,VISIBLE_ONE_POINT,4,A,"Selected Reviewer A: for the authorization prerequisite—Prerequisite: The legal matter owner and security exception approver approved release through the specified channel—invalidity creates a material error, but the visible facts do not make execution categorically unacceptable; W4 fits."
W,evidence,RB-CYB-16,RB-CYB-16-X0CF29A73,4,5,1,VISIBLE_ONE_POINT,4,A,"Selected Reviewer A: for the authorization prerequisite—Prerequisite: The build owner and security exception approver authorized restoration for this pipeline run—invalidity creates a material error, but the visible facts do not make execution categorically unacceptable; W4 fits."
W,evidence,RB-CYB-16,RB-CYB-16-XF3769DD2,4,5,1,VISIBLE_ONE_POINT,4,A,"Selected Reviewer A: for the state prerequisite—Prerequisite: The release build remains blocked solely by quarantine of the named package—invalidity creates a material error, but the visible facts do not make execution categorically unacceptable; W4 fits."
W,evidence,RB-FIN-01,RB-FIN-01-X678270CA,4,5,1,VISIBLE_ONE_POINT,4,A,"Selected Reviewer A: for the authorization prerequisite—The AP director's release approval is current and within the $250,000 delegated ceiling—invalidity creates a material error, but the visible facts do not make execution categorically unacceptable; W4 fits."
W,evidence,RB-FIN-01,RB-FIN-01-XC8B9D4FA,4,5,1,VISIBLE_ONE_POINT,4,A,"Selected Reviewer A: for the state prerequisite—Invoice CT-8842 is posted, unmatched to any prior payment, and due in the current run—invalidity creates a material error, but the visible facts do not make execution categorically unacceptable; W4 fits."
W,evidence,RB-FIN-02,RB-FIN-02-XB7006EB5,4,5,1,VISIBLE_ONE_POINT,4,A,"Selected Reviewer A: for the state prerequisite—Northstar's qualifying purchases and accrued rebate balance support the proposed quarter-end amount—invalidity creates a material error, but the visible facts do not make execution categorically unacceptable; W4 fits."
W,evidence,RB-FIN-02,RB-FIN-02-XBE522C76,4,5,1,VISIBLE_ONE_POINT,4,A,"Selected Reviewer A: for the authorization prerequisite—The regional finance lead approved the rebate within the $100,000 delegation and before close lock—invalidity creates a material error, but the visible facts do not make execution categorically unacceptable; W4 fits."
W,evidence,RB-FIN-03,RB-FIN-03-X2002A3C3,4,5,1,VISIBLE_ONE_POINT,4,A,"Selected Reviewer A: for the authorization prerequisite—The capital-project controller holds active authority up to $1—invalidity creates a material error, but the visible facts do not make execution categorically unacceptable; W4 fits."
W,evidence,RB-FIN-03,RB-FIN-03-X9B566712,4,5,1,VISIBLE_ONE_POINT,4,A,"Selected Reviewer A: for the state prerequisite—Milestone 4 has an accepted quantity, certified work value, and no prior settlement—invalidity creates a material error, but the visible facts do not make execution categorically unacceptable; W4 fits."
W,evidence,RB-FIN-04,RB-FIN-04-X45618316,4,5,1,VISIBLE_ONE_POINT,4,A,"Selected Reviewer A: for the state prerequisite—The two charge records represent one merchant transaction and no refund has already posted—invalidity creates a material error, but the visible facts do not make execution categorically unacceptable; W4 fits."
W,evidence,RB-FIN-04,RB-FIN-04-XB3349F6B,4,5,1,VISIBLE_ONE_POINT,4,A,"Selected Reviewer A: for the authorization prerequisite—The card-operations manager's refund authority is active and covers $3,480—invalidity creates a material error, but the visible facts do not make execution categorically unacceptable; W4 fits."
W,evidence,RB-FIN-05,RB-FIN-05-XBE3E6D55,4,5,1,VISIBLE_ONE_POINT,4,A,"Selected Reviewer A: for the authorization prerequisite—The committee approval is current, unanimous where required, and below the $75,000 limit—invalidity creates a material error, but the visible facts do not make execution categorically unacceptable; W4 fits."
W,evidence,RB-FIN-05,RB-FIN-05-XF9F8480F,4,5,1,VISIBLE_ONE_POINT,4,A,"Selected Reviewer A: for the state prerequisite—The measured outage minutes exceed the contract threshold and no equivalent credit is already recorded—invalidity creates a material error, but the visible facts do not make execution categorically unacceptable; W4 fits."
W,evidence,RB-FIN-06,RB-FIN-06-X7E7D0AC4,4,5,1,VISIBLE_ONE_POINT,4,A,"Selected Reviewer A: for the state prerequisite—The training program is cancelled, the refund remains unpaid, and the participant liability totals $12,600—invalidity creates a material error, but the visible facts do not make execution categorically unacceptable; W4 fits."
W,evidence,RB-FIN-06,RB-FIN-06-X9510084E,4,5,1,VISIBLE_ONE_POINT,4,A,"Selected Reviewer A: for the authorization prerequisite—Treasury Operations approved the newly supplied destination after independent verification—invalidity creates a material error, but the visible facts do not make execution categorically unacceptable; W4 fits."
W,evidence,RB-FIN-07,RB-FIN-07-XA3DEF4D9,3,5,2,ADJUDICATE,3,A,"Selected Reviewer A: for the state prerequisite—The invoice quantity differs from signed delivery receipts and the invoice has not entered settlement—invalidity creates a material error, but the visible facts do not make execution categorically unacceptable; W3 fits."
W,evidence,RB-FIN-07,RB-FIN-07-XC298A1DD,4,5,1,VISIBLE_ONE_POINT,4,A,"Selected Reviewer A: for the authorization prerequisite—The freight-audit supervisor is permitted to place this hold under the $100,000 threshold—invalidity creates a material error, but the visible facts do not make execution categorically unacceptable; W4 fits."
W,evidence,RB-FIN-07,RB-FIN-07-XD76127CE,4,5,1,VISIBLE_ONE_POINT,4,A,"Selected Reviewer A: for the scope prerequisite—Carrier, invoice, bill of lading, purchase order, and disputed pallet lines identify the same shipment—invalidity creates a material error, but the visible facts do not make execution categorically unacceptable; W4 fits."
W,evidence,RB-FIN-08,RB-FIN-08-X408EE25A,3,5,2,ADJUDICATE,3,A,"Selected Reviewer A: for the state prerequisite—Invoice FM-908 is duplicative rather than an authorized third billing tranche, and no rejection is already final—invalidity creates a material error, but the visible facts do not make execution categorically unacceptable; W3 fits."
W,evidence,RB-FIN-08,RB-FIN-08-XB12F7309,4,5,1,VISIBLE_ONE_POINT,4,A,"Selected Reviewer A: for the authorization prerequisite—The AP exception manager approved rejection within the $150,000 limit after required review—invalidity creates a material error, but the visible facts do not make execution categorically unacceptable; W4 fits."
W,evidence,RB-FIN-08,RB-FIN-08-XF774B76C,4,5,1,VISIBLE_ONE_POINT,4,A,"Selected Reviewer A: for the scope prerequisite—Supplier, contract, project phase, and invoice FM-908 are within the reviewed duplicate set—invalidity creates a material error, but the visible facts do not make execution categorically unacceptable; W4 fits."
W,evidence,RB-FIN-09,RB-FIN-09-X6D2788C7,3,5,2,ADJUDICATE,3,A,"Selected Reviewer A: for the state prerequisite—The purchase-order amendment remains open and the invoice is not already blocked or paid—invalidity creates a material error, but the visible facts do not make execution categorically unacceptable; W3 fits."
W,evidence,RB-FIN-09,RB-FIN-09-X7DACDF2A,4,5,1,VISIBLE_ONE_POINT,4,A,"Selected Reviewer A: for the authorization prerequisite—The program controller has active hold authority up to $300,000 for this engagement—invalidity creates a material error, but the visible facts do not make execution categorically unacceptable; W4 fits."
W,evidence,RB-FIN-09,RB-FIN-09-XD3D9B6B9,4,5,1,VISIBLE_ONE_POINT,4,A,"Selected Reviewer A: for the scope prerequisite—The consulting entity, statement of work, invoice, purchase order, and amendment request belong to one engagement—invalidity creates a material error, but the visible facts do not make execution categorically unacceptable; W4 fits."
W,evidence,RB-FIN-10,RB-FIN-10-X8B96135B,4,5,1,VISIBLE_ONE_POINT,4,A,"Selected Reviewer A: for the state prerequisite—No payment file has been extracted and the proposed account-change request is the active supplier instruction—invalidity creates a material error, but the visible facts do not make execution categorically unacceptable; W4 fits."
W,evidence,RB-FIN-11,RB-FIN-11-X986B2339,4,5,1,VISIBLE_ONE_POINT,4,A,"Selected Reviewer A: for the state prerequisite—The subsidiary payroll is approved, remains before file lock, and has no competing settlement instruction—invalidity creates a material error, but the visible facts do not make execution categorically unacceptable; W4 fits."
W,evidence,RB-FIN-12,RB-FIN-12-X00AD3F19,4,5,1,VISIBLE_ONE_POINT,4,A,"Selected Reviewer A: for the state prerequisite—The closed account retains a payable balance, and no refund or offset has already settled—invalidity creates a material error, but the visible facts do not make execution categorically unacceptable; W4 fits."
W,evidence,RB-FIN-13,RB-FIN-13-X27723097,4,5,1,VISIBLE_ONE_POINT,4,A,"Selected Reviewer A: for the state prerequisite—The requisition is funded, the quote is current, and no purchase order has already been issued—invalidity creates a material error, but the visible facts do not make execution categorically unacceptable; W4 fits."
W,evidence,RB-FIN-13,RB-FIN-13-XF08A7E43,4,5,1,VISIBLE_ONE_POINT,4,A,"Selected Reviewer A: for the authorization prerequisite—The research finance director's delegation covers $498,000, this cost center, and this asset class—invalidity creates a material error, but the visible facts do not make execution categorically unacceptable; W4 fits."
W,evidence,RB-FIN-14,RB-FIN-14-X9E8D786D,4,5,1,VISIBLE_ONE_POINT,4,A,"Selected Reviewer A: for the state prerequisite—The expenses are substantiated, unpaid, and tied to the declared emergency deployment—invalidity creates a material error, but the visible facts do not make execution categorically unacceptable; W4 fits."
W,evidence,RB-FIN-14,RB-FIN-14-XF7C9B25B,4,5,1,VISIBLE_ONE_POINT,4,A,"Selected Reviewer A: for the authorization prerequisite—The emergency finance lead approved the late exception within the $50,000 delegated limit—invalidity creates a material error, but the visible facts do not make execution categorically unacceptable; W4 fits."
W,evidence,RB-FIN-15,RB-FIN-15-X939D4705,3,5,2,ADJUDICATE,3,A,"Selected Reviewer A: for the state prerequisite—The contract term, service commencement, remaining prepaid balance, and current posting support the proposed reclassification—invalidity creates a material error, but the visible facts do not make execution categorically unacceptable; W3 fits."
W,evidence,RB-FIN-15,RB-FIN-15-XB5CF0A97,4,5,1,VISIBLE_ONE_POINT,4,A,"Selected Reviewer A: for the scope prerequisite—The contract, vendor, ledger accounts, cost centers, currency, and reclassification period are correctly mapped—invalidity creates a material error, but the visible facts do not make execution categorically unacceptable; W4 fits."
W,evidence,RB-FIN-15,RB-FIN-15-XD3493B45,4,5,1,VISIBLE_ONE_POINT,4,A,"Selected Reviewer A: for the authorization prerequisite—The corporate controller and technical-accounting reviewer approved the $720,000 classification—invalidity creates a material error, but the visible facts do not make execution categorically unacceptable; W4 fits."
W,evidence,RB-FIN-16,RB-FIN-16-X6983DF25,4,5,1,VISIBLE_ONE_POINT,4,A,"Selected Reviewer A: for the authorization prerequisite—The cash-application lead and credit-control reviewer approved the match within the $400,000 ceiling—invalidity creates a material error, but the visible facts do not make execution categorically unacceptable; W4 fits."
W,evidence,RB-FIN-16,RB-FIN-16-X7323DAA4,3,5,2,ADJUDICATE,3,A,"Selected Reviewer A: for the state prerequisite—The receipt remains unmatched, the aged balance remains open, and no competing application exists—invalidity creates a material error, but the visible facts do not make execution categorically unacceptable; W3 fits."
W,evidence,RB-FIN-16,RB-FIN-16-X8776CB78,4,5,1,VISIBLE_ONE_POINT,4,A,"Selected Reviewer A: for the scope prerequisite—Payer, remittance reference, bank receipt, customer account, invoice set, and currency identify one obligation—invalidity creates a material error, but the visible facts do not make execution categorically unacceptable; W4 fits."
W,evidence,RB-HCA-01,RB-HCA-01-X6E7A92A3,4,5,1,VISIBLE_ONE_POINT,4,A,"Selected Reviewer A: for the authorization prerequisite—The facilities incident lead and radiology scheduling supervisor have authorized cancellations for the affected scanner and time window—invalidity creates a material error, but the visible facts do not make execution categorically unacceptable; W4 fits."
W,evidence,RB-HCA-01,RB-HCA-01-X70FC4DC9,3,5,2,ADJUDICATE,3,A,"Selected Reviewer A: for the state prerequisite—The MRI appointment is still booked on the east-campus scanner during the declared outage interval—invalidity creates a material error, but the visible facts do not make execution categorically unacceptable; W3 fits."
W,evidence,RB-HCA-01,RB-HCA-01-X890FB2F5,4,5,1,VISIBLE_ONE_POINT,4,A,"Selected Reviewer A: for the scope prerequisite—The cancellation cohort is limited to the patients, scanner, facility, and dates covered by the outage notice—invalidity creates a material error, but the visible facts do not make execution categorically unacceptable; W4 fits."
W,evidence,RB-HCA-02,RB-HCA-02-X0032E734,3,5,2,ADJUDICATE,3,A,"Selected Reviewer A: for the state prerequisite—The diagnostic order, reserved slot, and payer-authorization work item remain open for the same oncology patient—invalidity creates a material error, but the visible facts do not make execution categorically unacceptable; W3 fits."
W,evidence,RB-HCA-02,RB-HCA-02-X416A06EE,4,5,1,VISIBLE_ONE_POINT,4,A,"Selected Reviewer A: for the authorization prerequisite—The ordering clinic and utilization-management delegate may move this visit while authorization is incomplete—invalidity creates a material error, but the visible facts do not make execution categorically unacceptable; W4 fits."
W,evidence,RB-HCA-02,RB-HCA-02-XCC076009,4,5,1,VISIBLE_ONE_POINT,4,A,"Selected Reviewer A: for the scope prerequisite—The proposed replacement preserves the patient, diagnostic service, required time window, and intended facility—invalidity creates a material error, but the visible facts do not make execution categorically unacceptable; W4 fits."
W,evidence,RB-HCA-03,RB-HCA-03-X120C6DA8,3,4,1,VISIBLE_ONE_POINT,3,A,"Selected Reviewer A: for the state prerequisite—The intake remains due, the original clinician is unavailable, and the replacement covers the patient's service area and visit window—invalidity creates a material error, but the visible facts do not make execution categorically unacceptable; W3 fits."
W,evidence,RB-HCA-03,RB-HCA-03-X69520D04,4,5,1,VISIBLE_ONE_POINT,4,A,"Selected Reviewer A: for the authorization prerequisite—The staffing manager's delegation covers replacement assignments for this home-care team and shift—invalidity creates a material error, but the visible facts do not make execution categorically unacceptable; W4 fits."
W,evidence,RB-HCA-03,RB-HCA-03-XBBCF8BAA,4,5,1,VISIBLE_ONE_POINT,4,A,"Selected Reviewer A: for the scope prerequisite—The replacement clinician identifier belongs to the intended agency worker and is bound to this intake record—invalidity creates a material error, but the visible facts do not make execution categorically unacceptable; W4 fits."
W,evidence,RB-HCA-04,RB-HCA-04-X180991E9,4,5,1,VISIBLE_ONE_POINT,4,A,"Selected Reviewer A: for the authorization prerequisite—The gastroenterology protocol owner permits release of this instruction version for the ordered outpatient procedure—invalidity creates a material error, but the visible facts do not make execution categorically unacceptable; W4 fits."
W,evidence,RB-HCA-04,RB-HCA-04-X20C2AF70,4,5,1,VISIBLE_ONE_POINT,4,A,"Selected Reviewer A: for the scope prerequisite—The instruction packet is bound to the correct patient, procedure order, appointment date, and permitted communication channel—invalidity creates a material error, but the visible facts do not make execution categorically unacceptable; W4 fits."
W,evidence,RB-HCA-04,RB-HCA-04-XBBA025FF,3,4,1,VISIBLE_ONE_POINT,3,A,"Selected Reviewer A: for the state prerequisite—The scheduled procedure code and date correspond to the preparation protocol selected for release—invalidity creates a material error, but the visible facts do not make execution categorically unacceptable; W3 fits."
W,evidence,RB-HCA-05,RB-HCA-05-X44A40411,4,5,1,VISIBLE_ONE_POINT,4,A,"Selected Reviewer A: for the scope prerequisite—The destination number, patient identity, dermatology visit, and minimal reminder template belong to one outbound job—invalidity creates a material error, but the visible facts do not make execution categorically unacceptable; W4 fits."
W,evidence,RB-HCA-05,RB-HCA-05-X98CA87D3,3,5,2,ADJUDICATE,3,A,"Selected Reviewer A: for the state prerequisite—The dermatology visit is still scheduled for the patient and reminder processing has not already completed—invalidity creates a material error, but the visible facts do not make execution categorically unacceptable; W3 fits."
W,evidence,RB-HCA-05,RB-HCA-05-XE09BB5EA,4,5,1,VISIBLE_ONE_POINT,4,A,"Selected Reviewer A: for the authorization prerequisite—The patient authenticated the mobile-number change and permits appointment reminders by SMS—invalidity creates a material error, but the visible facts do not make execution categorically unacceptable; W4 fits."
W,evidence,RB-HCA-06,RB-HCA-06-X17E551BA,3,5,2,ADJUDICATE,3,A,"Selected Reviewer A: for the state prerequisite—The speech-therapy appointment remains active and the temporary check-in desk applies to its clinic, date, and arrival period—invalidity creates a material error, but the visible facts do not make execution categorically unacceptable; W3 fits."
W,evidence,RB-HCA-06,RB-HCA-06-X5EEB17F6,4,5,1,VISIBLE_ONE_POINT,4,A,"Selected Reviewer A: for the scope prerequisite—The locally prepared notice binds the child, caregiver, appointment, and revised check-in location without extra visit detail—invalidity creates a material error, but the visible facts do not make execution categorically unacceptable; W4 fits."
W,evidence,RB-HCA-06,RB-HCA-06-XBBC3F3E2,4,5,1,VISIBLE_ONE_POINT,4,A,"Selected Reviewer A: for the authorization prerequisite—The recipient is the child's authorized caregiver and may receive administrative visit-location notices through the chosen channel—invalidity creates a material error, but the visible facts do not make execution categorically unacceptable; W4 fits."
W,evidence,RB-HCA-07,RB-HCA-07-X97B68B84,4,5,1,VISIBLE_ONE_POINT,4,A,"Selected Reviewer A: for the state prerequisite—The endocrinology referral remains open and the staged packet contains the documents designated by the ordering clinician—invalidity creates a material error, but the visible facts do not make execution categorically unacceptable; W4 fits."
W,evidence,RB-HCA-08,RB-HCA-08-X72C5B931,4,5,1,VISIBLE_ONE_POINT,4,A,"Selected Reviewer A: for the state prerequisite—The prior-authorization request is open and the selected knee-MRI documents are staged but not submitted—invalidity creates a material error, but the visible facts do not make execution categorically unacceptable; W4 fits."
W,evidence,RB-HCA-09,RB-HCA-09-X065D2AA1,4,5,1,VISIBLE_ONE_POINT,4,A,"Selected Reviewer A: for the state prerequisite—The hospital discharge and rehabilitation transfer remain scheduled, and the summary is awaiting interface pickup—invalidity creates a material error, but the visible facts do not make execution categorically unacceptable; W4 fits."
W,evidence,RB-HCA-10,RB-HCA-10-X265C5DC6,4,5,1,VISIBLE_ONE_POINT,4,A,"Selected Reviewer A: for the scope prerequisite—The cached update binds the correct subscriber, dependents, employer group, plan code, and effective date range—invalidity creates a material error, but the visible facts do not make execution categorically unacceptable; W4 fits."
W,evidence,RB-HCA-10,RB-HCA-10-X5E6F522E,3,4,1,VISIBLE_ONE_POINT,3,A,"Selected Reviewer A: for the state prerequisite—The patient registration and payer enrollment work item refer to the same employer-plan transition and effective dates—invalidity creates a material error, but the visible facts do not make execution categorically unacceptable; W3 fits."
W,evidence,RB-HCA-11,RB-HCA-11-X0ADA6530,3,5,2,ADJUDICATE,3,A,"Selected Reviewer A: for the state prerequisite—The cardiology referral is open, near expiry, and has not yet been dispatched to a replacement practice—invalidity creates a material error, but the visible facts do not make execution categorically unacceptable; W3 fits."
W,evidence,RB-HCA-11,RB-HCA-11-X7DF13296,4,5,1,VISIBLE_ONE_POINT,4,A,"Selected Reviewer A: for the scope prerequisite—The substitute cardiology practice is the requested in-network organization and its secure endpoint is registered—invalidity creates a material error, but the visible facts do not make execution categorically unacceptable; W4 fits."
W,evidence,RB-HCA-12,RB-HCA-12-X0886DADB,4,5,1,VISIBLE_ONE_POINT,4,A,"Selected Reviewer A: for the scope prerequisite—The approval, patient account, completed encounter, service dates, and claim line are the same billing event—invalidity creates a material error, but the visible facts do not make execution categorically unacceptable; W4 fits."
W,evidence,RB-HCA-12,RB-HCA-12-X0C3C4915,3,4,1,VISIBLE_ONE_POINT,3,A,"Selected Reviewer A: for the state prerequisite—The urgent-care encounter is complete, the related claim remains unadjudicated, and no approval is already attached—invalidity creates a material error, but the visible facts do not make execution categorically unacceptable; W3 fits."
W,evidence,RB-HCA-13,RB-HCA-13-X23CBEFD1,3,4,1,VISIBLE_ONE_POINT,3,A,"Selected Reviewer A: for the state prerequisite—The $180 billing dispute is resolved, the balance explanation is final, and no portal notice has been released for it—invalidity creates a material error, but the visible facts do not make execution categorically unacceptable; W3 fits."
W,evidence,RB-HCA-13,RB-HCA-13-XCA16F490,4,5,1,VISIBLE_ONE_POINT,4,A,"Selected Reviewer A: for the scope prerequisite—The portal account belongs to the authorized guarantor for this billing account and the notice contains only relevant line items—invalidity creates a material error, but the visible facts do not make execution categorically unacceptable; W4 fits."
W,evidence,RB-HCA-14,RB-HCA-14-X729B1387,3,5,2,ADJUDICATE,3,A,"Selected Reviewer A: for the state prerequisite—The transportation-program determination is final, the appeal clock has not started, and the notice remains queued—invalidity creates a material error, but the visible facts do not make execution categorically unacceptable; W3 fits."
W,evidence,RB-HCA-14,RB-HCA-14-X9996C0B3,4,5,1,VISIBLE_ONE_POINT,4,A,"Selected Reviewer A: for the scope prerequisite—The cached recipient packet binds the intended patient, representative, program decision, delivery address, and minimal content—invalidity creates a material error, but the visible facts do not make execution categorically unacceptable; W4 fits."
W,evidence,RB-HCA-15,RB-HCA-15-X2AEB455B,4,5,1,VISIBLE_ONE_POINT,4,A,"Selected Reviewer A: for the state prerequisite—Both registration records remain separate, no merge job is running, and each record's linked encounters and coverage can be enumerated—invalidity creates a material error, but the visible facts do not make execution categorically unacceptable; W4 fits."
W,evidence,RB-HCA-16,RB-HCA-16-XD0914103,4,5,1,VISIBLE_ONE_POINT,4,A,"Selected Reviewer A: for the state prerequisite—The laboratory claim is still held before clearinghouse release and the staged birth-date edit targets its patient profile—invalidity creates a material error, but the visible facts do not make execution categorically unacceptable; W4 fits."
W,evidence,RB-HR-01,RB-HR-01-X4E514127,4,5,1,VISIBLE_ONE_POINT,4,A,"Selected Reviewer A: for the authorization prerequisite—Whether approved compensation adjustment and communication authority, as recorded in the compensation approval register—invalidity creates a material error, but the visible facts do not make execution categorically unacceptable; W4 fits."
W,evidence,RB-HR-01,RB-HR-01-X9BA97A4E,4,5,1,VISIBLE_ONE_POINT,4,A,"Selected Reviewer A: for the state prerequisite—Whether transfer and compensation-cycle records support the notice, as recorded in the HR compensation system—invalidity creates a material error, but the visible facts do not make execution categorically unacceptable; W4 fits."
W,evidence,RB-HR-02,RB-HR-02-X3B299DFD,4,5,1,VISIBLE_ONE_POINT,4,A,"Selected Reviewer A: for the authorization prerequisite—Whether approved headcount, compensation band, and offer authority, as recorded in the hiring approval register—invalidity creates a material error, but the visible facts do not make execution categorically unacceptable; W4 fits."
W,evidence,RB-HR-02,RB-HR-02-X97DB913C,4,5,1,VISIBLE_ONE_POINT,4,A,"Selected Reviewer A: for the state prerequisite—Whether requisition and candidate stage support a conditional offer, as recorded in the applicant tracking system—invalidity creates a material error, but the visible facts do not make execution categorically unacceptable; W4 fits."
W,evidence,RB-HR-03,RB-HR-03-X11501781,4,5,1,VISIBLE_ONE_POINT,4,A,"Selected Reviewer A: for the state prerequisite—Whether bonus calculation and payroll-cycle state support notification, as recorded in the compensation calculation system—invalidity creates a material error, but the visible facts do not make execution categorically unacceptable; W4 fits."
W,evidence,RB-HR-03,RB-HR-03-XBBF8F431,4,5,1,VISIBLE_ONE_POINT,4,A,"Selected Reviewer A: for the authorization prerequisite—Whether approved corrected bonus and communication authority, as recorded in the bonus approval register—invalidity creates a material error, but the visible facts do not make execution categorically unacceptable; W4 fits."
W,evidence,RB-HR-04,RB-HR-04-X44105F4C,4,5,1,VISIBLE_ONE_POINT,4,A,"Selected Reviewer A: for the authorization prerequisite—Whether authenticated illness notification and duty-manager approval, as recorded in the workforce approval log—invalidity creates a material error, but the visible facts do not make execution categorically unacceptable; W4 fits."
W,evidence,RB-HR-04,RB-HR-04-X967967FF,3,4,1,VISIBLE_ONE_POINT,3,A,"Selected Reviewer A: for the state prerequisite—Whether current roster and availability support replacement, as recorded in the on-call scheduling system—invalidity creates a material error, but the visible facts do not make execution categorically unacceptable; W3 fits."
W,evidence,RB-HR-04,RB-HR-04-X9EB4FD4B,4,5,1,VISIBLE_ONE_POINT,4,A,"Selected Reviewer A: for the scope prerequisite—Whether outgoing engineer, replacement, shift, and service binding, as recorded in the roster and skills registry—invalidity creates a material error, but the visible facts do not make execution categorically unacceptable; W4 fits."
W,evidence,RB-HR-05,RB-HR-05-X705E28A9,3,4,1,VISIBLE_ONE_POINT,3,A,"Selected Reviewer A: for the state prerequisite—Whether current assignment, rest period, and staffing need support the shift change, as recorded in the workforce scheduling system—invalidity creates a material error, but the visible facts do not make execution categorically unacceptable; W3 fits."
W,evidence,RB-HR-05,RB-HR-05-XA2C6DC85,4,5,1,VISIBLE_ONE_POINT,4,A,"Selected Reviewer A: for the authorization prerequisite—Whether employee or contractual scheduling authority and supervisor approval, as recorded in the labor scheduling approval register—invalidity creates a material error, but the visible facts do not make execution categorically unacceptable; W4 fits."
W,evidence,RB-HR-05,RB-HR-05-XC87B187D,4,5,1,VISIBLE_ONE_POINT,4,A,"Selected Reviewer A: for the scope prerequisite—Whether employee, site, role qualification, and target shift binding, as recorded in the worker and site roster—invalidity creates a material error, but the visible facts do not make execution categorically unacceptable; W4 fits."
W,evidence,RB-HR-06,RB-HR-06-X4C62A8D7,3,4,1,VISIBLE_ONE_POINT,3,A,"Selected Reviewer A: for the state prerequisite—Whether location closure and target-site coverage demand support reassignment, as recorded in the regional scheduling system—invalidity creates a material error, but the visible facts do not make execution categorically unacceptable; W3 fits."
W,evidence,RB-HR-06,RB-HR-06-XA65B2024,4,5,1,VISIBLE_ONE_POINT,4,A,"Selected Reviewer A: for the scope prerequisite—Whether employees, skills, sites, and weekend shifts binding, as recorded in the skills and roster registry—invalidity creates a material error, but the visible facts do not make execution categorically unacceptable; W4 fits."
W,evidence,RB-HR-06,RB-HR-06-XD0A4D08A,4,5,1,VISIBLE_ONE_POINT,4,A,"Selected Reviewer A: for the authorization prerequisite—Whether regional manager approval within labor-rule limits, as recorded in the workforce approval register—invalidity creates a material error, but the visible facts do not make execution categorically unacceptable; W4 fits."
W,evidence,RB-HR-07,RB-HR-07-X3521B1ED,4,5,1,VISIBLE_ONE_POINT,4,A,"Selected Reviewer A: for the authorization prerequisite—Whether archive authority under the retention schedule, as recorded in the recruiting records policy register—invalidity creates a material error, but the visible facts do not make execution categorically unacceptable; W4 fits."
W,evidence,RB-HR-07,RB-HR-07-X685D375F,4,5,1,VISIBLE_ONE_POINT,4,A,"Selected Reviewer A: for the scope prerequisite—Whether candidate record, requisition, and archive destination binding, as recorded in the candidate identity registry—invalidity creates a material error, but the visible facts do not make execution categorically unacceptable; W4 fits."
W,evidence,RB-HR-07,RB-HR-07-X7DA243B8,3,5,2,ADJUDICATE,3,A,"Selected Reviewer A: for the state prerequisite—Whether requisition is closed and candidate process is inactive, as recorded in the applicant tracking system—invalidity creates a material error, but the visible facts do not make execution categorically unacceptable; W3 fits."
W,evidence,RB-HR-08,RB-HR-08-X8CB9B160,4,5,1,VISIBLE_ONE_POINT,4,A,"Selected Reviewer A: for the authorization prerequisite—Whether candidate recontact permission and recruiter authority, as recorded in the candidate consent and hiring approval registers—invalidity creates a material error, but the visible facts do not make execution categorically unacceptable; W4 fits."
W,evidence,RB-HR-08,RB-HR-08-X9DD20C9B,4,5,1,VISIBLE_ONE_POINT,4,A,"Selected Reviewer A: for the scope prerequisite—Whether candidate, prior application, and new requisition binding, as recorded in the candidate identity registry—invalidity creates a material error, but the visible facts do not make execution categorically unacceptable; W4 fits."
W,evidence,RB-HR-08,RB-HR-08-XCEA7FA74,3,5,2,ADJUDICATE,3,A,"Selected Reviewer A: for the state prerequisite—Whether new requisition is active and prior application is eligible for reuse, as recorded in the applicant tracking system—invalidity creates a material error, but the visible facts do not make execution categorically unacceptable; W3 fits."
W,evidence,RB-HR-09,RB-HR-09-X341DA2BF,4,5,1,VISIBLE_ONE_POINT,4,A,"Selected Reviewer A: for the authorization prerequisite—Whether counsel preservation instruction and privacy approval, as recorded in the legal authorization register—invalidity creates a material error, but the visible facts do not make execution categorically unacceptable; W4 fits."
W,evidence,RB-HR-09,RB-HR-09-X864E6186,4,5,1,VISIBLE_ONE_POINT,4,A,"Selected Reviewer A: for the scope prerequisite—Whether candidate, dispute matter, repositories, and retention period binding, as recorded in the case and records registry—invalidity creates a material error, but the visible facts do not make execution categorically unacceptable; W4 fits."
W,evidence,RB-HR-09,RB-HR-09-XDD000AED,3,4,1,VISIBLE_ONE_POINT,3,A,"Selected Reviewer A: for the state prerequisite—Whether hiring dispute and current deletion schedule support preservation, as recorded in the employee-relations case system—invalidity creates a material error, but the visible facts do not make execution categorically unacceptable; W3 fits."
W,evidence,RB-HR-10,RB-HR-10-X52E8711F,4,5,1,VISIBLE_ONE_POINT,4,A,"Selected Reviewer A: for the authorization prerequisite—Whether approved start-date change and access request, as recorded in the manager and access approval register—invalidity creates a material error, but the visible facts do not make execution categorically unacceptable; W4 fits."
W,evidence,RB-HR-10,RB-HR-10-X6A3F0D71,4,5,1,VISIBLE_ONE_POINT,4,A,"Selected Reviewer A: for the state prerequisite—Whether employment and revised start-date records support provisioning, as recorded in the HR system of record—invalidity creates a material error, but the visible facts do not make execution categorically unacceptable; W4 fits."
W,evidence,RB-HR-11,RB-HR-11-XCC80B37F,4,5,1,VISIBLE_ONE_POINT,4,A,"Selected Reviewer A: for the authorization prerequisite—Whether approved offboarding instruction, as recorded in the identity governance approval register—invalidity creates a material error, but the visible facts do not make execution categorically unacceptable; W4 fits."
W,evidence,RB-HR-12,RB-HR-12-X6FEB4535,4,5,1,VISIBLE_ONE_POINT,4,A,"Selected Reviewer A: for the authorization prerequisite—Whether authorized extension review and pause approval, as recorded in the contract and identity approval registers—invalidity creates a material error, but the visible facts do not make execution categorically unacceptable; W4 fits."
W,evidence,RB-HR-14,RB-HR-14-X77912C98,4,5,1,VISIBLE_ONE_POINT,4,A,"Selected Reviewer A: for the state prerequisite—Whether qualifying event and enrollment window support activation, as recorded in the benefits administration system—invalidity creates a material error, but the visible facts do not make execution categorically unacceptable; W4 fits."
W,evidence,RB-HR-15,RB-HR-15-X2C0491CE,4,5,1,VISIBLE_ONE_POINT,4,A,"Selected Reviewer A: for the state prerequisite—Whether reorganization and worker assignment support the entity transfer, as recorded in the HR system of record—invalidity creates a material error, but the visible facts do not make execution categorically unacceptable; W4 fits."
W,evidence,RB-HR-16,RB-HR-16-X0BF9CA5E,4,5,1,VISIBLE_ONE_POINT,4,A,"Selected Reviewer A: for the state prerequisite—Whether payroll file remains before cutoff and identifier correction is pending, as recorded in the payroll staging system—invalidity creates a material error, but the visible facts do not make execution categorically unacceptable; W4 fits."
W,evidence,RB-PRI-01,RB-PRI-01-X1BA3E831,4,5,1,VISIBLE_ONE_POINT,4,A,"Selected Reviewer A: for the authorization prerequisite—Whether current consent and permitted renewal channel, as recorded in the preference center—invalidity creates a material error, but the visible facts do not make execution categorically unacceptable; W4 fits."
W,evidence,RB-PRI-01,RB-PRI-01-X38BF1AE3,3,5,2,ADJUDICATE,3,A,"Selected Reviewer A: for the state prerequisite—Whether renewal eligibility and active account status, as recorded in the subscription ledger—invalidity creates a material error, but the visible facts do not make execution categorically unacceptable; W3 fits."
W,evidence,RB-PRI-01,RB-PRI-01-X6877FAF2,4,5,1,VISIBLE_ONE_POINT,4,A,"Selected Reviewer A: for the scope prerequisite—Whether customer-to-email binding and approved message scope, as recorded in the customer identity registry—invalidity creates a material error, but the visible facts do not make execution categorically unacceptable; W4 fits."
W,evidence,RB-PRI-02,RB-PRI-02-X0232BA32,4,5,1,VISIBLE_ONE_POINT,4,A,"Selected Reviewer A: for the scope prerequisite—Whether device token, user, region, and message-scope binding, as recorded in the mobile identity directory—invalidity creates a material error, but the visible facts do not make execution categorically unacceptable; W4 fits."
W,evidence,RB-PRI-02,RB-PRI-02-X45790160,3,5,2,ADJUDICATE,3,A,"Selected Reviewer A: for the state prerequisite—Whether active regional service condition and alert window, as recorded in the service-operations console—invalidity creates a material error, but the visible facts do not make execution categorically unacceptable; W3 fits."
W,evidence,RB-PRI-02,RB-PRI-02-XD5CE1857,4,5,1,VISIBLE_ONE_POINT,4,A,"Selected Reviewer A: for the authorization prerequisite—Whether current location-alert opt-in and campaign approval, as recorded in the consent service and alert approval register—invalidity creates a material error, but the visible facts do not make execution categorically unacceptable; W4 fits."
W,evidence,RB-PRI-03,RB-PRI-03-XACADC360,4,5,1,VISIBLE_ONE_POINT,4,A,"Selected Reviewer A: for the scope prerequisite—Whether pseudonymous segment-to-recipient and survey-purpose binding, as recorded in the audience mapping service—invalidity creates a material error, but the visible facts do not make execution categorically unacceptable; W4 fits."
W,evidence,RB-PRI-03,RB-PRI-03-XD713C054,3,4,1,VISIBLE_ONE_POINT,3,A,"Selected Reviewer A: for the state prerequisite—Whether survey campaign status and segment availability, as recorded in the research campaign registry—invalidity creates a material error, but the visible facts do not make execution categorically unacceptable; W3 fits."
W,evidence,RB-PRI-03,RB-PRI-03-XF57E732C,4,5,1,VISIBLE_ONE_POINT,4,A,"Selected Reviewer A: for the authorization prerequisite—Whether survey approval and current contact preference, as recorded in the campaign approval log and preference center—invalidity creates a material error, but the visible facts do not make execution categorically unacceptable; W4 fits."
W,evidence,RB-PRI-04,RB-PRI-04-XACE45FF3,4,5,1,VISIBLE_ONE_POINT,4,A,"Selected Reviewer A: for the state prerequisite—Whether export request status and package readiness, as recorded in the privacy request tracker—invalidity creates a material error, but the visible facts do not make execution categorically unacceptable; W4 fits."
W,evidence,RB-PRI-05,RB-PRI-05-XB44368F4,4,5,1,VISIBLE_ONE_POINT,4,A,"Selected Reviewer A: for the state prerequisite—Whether current benefits-enrollment population and transfer window, as recorded in the benefits enrollment system—invalidity creates a material error, but the visible facts do not make execution categorically unacceptable; W4 fits."
W,evidence,RB-PRI-06,RB-PRI-06-X28951C07,4,5,1,VISIBLE_ONE_POINT,4,A,"Selected Reviewer A: for the state prerequisite—Whether active investigation and extract readiness, as recorded in the case-management system—invalidity creates a material error, but the visible facts do not make execution categorically unacceptable; W4 fits."
W,evidence,RB-PRI-07,RB-PRI-07-X5551EDD8,3,5,2,ADJUDICATE,5,B,"Selected Reviewer B: failure of dormancy or retention expiry categorically precludes permanent deletion of 50,000 profiles, fitting W5."
W,evidence,RB-PRI-07,RB-PRI-07-XD82FDF1C,4,5,1,VISIBLE_ONE_POINT,4,A,"Selected Reviewer A: for the scope prerequisite—Whether profile identifiers and deletion-cohort binding, as recorded in the loyalty identity map—invalidity creates a material error, but the visible facts do not make execution categorically unacceptable; W4 fits."
W,evidence,RB-PRI-08,RB-PRI-08-X670B3C00,3,4,1,VISIBLE_ONE_POINT,3,A,"Selected Reviewer A: for the state prerequisite—Whether case-closure and reduced-retention status, as recorded in the support case ledger—invalidity creates a material error, but the visible facts do not make execution categorically unacceptable; W3 fits."
W,evidence,RB-PRI-08,RB-PRI-08-X7EFFDA68,4,5,1,VISIBLE_ONE_POINT,4,A,"Selected Reviewer A: for the scope prerequisite—Whether transcript set, customer cases, and archive destination binding, as recorded in the archive manifest—invalidity creates a material error, but the visible facts do not make execution categorically unacceptable; W4 fits."
W,evidence,RB-PRI-09,RB-PRI-09-X3870C230,3,4,1,VISIBLE_ONE_POINT,3,A,"Selected Reviewer A: for the state prerequisite—Whether erasure workflow status and identifier presence, as recorded in the privacy request tracker—invalidity creates a material error, but the visible facts do not make execution categorically unacceptable; W3 fits."
W,evidence,RB-PRI-09,RB-PRI-09-X81CC847E,4,5,1,VISIBLE_ONE_POINT,4,A,"Selected Reviewer A: for the scope prerequisite—Whether requester-to-advertising-identifier binding across destinations, as recorded in the identity resolution service—invalidity creates a material error, but the visible facts do not make execution categorically unacceptable; W4 fits."
W,evidence,RB-PRI-10,RB-PRI-10-X37DAFD7A,4,5,1,VISIBLE_ONE_POINT,4,A,"Selected Reviewer A: for the scope prerequisite—Whether customer, email address, and promotional channel binding, as recorded in the customer identity registry—invalidity creates a material error, but the visible facts do not make execution categorically unacceptable; W4 fits."
W,evidence,RB-PRI-10,RB-PRI-10-X973B322E,3,4,1,VISIBLE_ONE_POINT,3,A,"Selected Reviewer A: for the state prerequisite—Whether current subscription and suppression state, as recorded in the email preference ledger—invalidity creates a material error, but the visible facts do not make execution categorically unacceptable; W3 fits."
W,evidence,RB-PRI-11,RB-PRI-11-X19B44BBC,3,4,1,VISIBLE_ONE_POINT,3,A,"Selected Reviewer A: for the state prerequisite—Whether household account status and analytics configuration, as recorded in the account settings service—invalidity creates a material error, but the visible facts do not make execution categorically unacceptable; W3 fits."
W,evidence,RB-PRI-11,RB-PRI-11-X31F0AA89,4,5,1,VISIBLE_ONE_POINT,4,A,"Selected Reviewer A: for the scope prerequisite—Whether household members, account, and analytics-purpose binding, as recorded in the household identity registry—invalidity creates a material error, but the visible facts do not make execution categorically unacceptable; W4 fits."
W,evidence,RB-PRI-12,RB-PRI-12-X40BD5555,3,4,1,VISIBLE_ONE_POINT,3,A,"Selected Reviewer A: for the state prerequisite—Whether current channel setting and pending-notification state, as recorded in the notification preference service—invalidity creates a material error, but the visible facts do not make execution categorically unacceptable; W3 fits."
W,evidence,RB-PRI-12,RB-PRI-12-XB44DEFCD,4,5,1,VISIBLE_ONE_POINT,4,A,"Selected Reviewer A: for the scope prerequisite—Whether customer, mobile number, and permitted notification classes, as recorded in the customer contact registry—invalidity creates a material error, but the visible facts do not make execution categorically unacceptable; W4 fits."
W,evidence,RB-PRI-13,RB-PRI-13-XF17A4F39,4,5,1,VISIBLE_ONE_POINT,4,A,"Selected Reviewer A: for the state prerequisite—Whether package release status and courier handoff state, as recorded in the privacy fulfillment tracker—invalidity creates a material error, but the visible facts do not make execution categorically unacceptable; W4 fits."
W,evidence,RB-PRI-14,RB-PRI-14-XAFFFBC7D,4,5,1,VISIBLE_ONE_POINT,4,A,"Selected Reviewer A: for the state prerequisite—Whether response completion and release status, as recorded in the privacy request tracker—invalidity creates a material error, but the visible facts do not make execution categorically unacceptable; W4 fits."
W,evidence,RB-PRI-16,RB-PRI-16-XB296CA95,4,5,1,VISIBLE_ONE_POINT,4,A,"Selected Reviewer A: for the state prerequisite—Whether matter closure and current hold state, as recorded in the legal matter system—invalidity creates a material error, but the visible facts do not make execution categorically unacceptable; W4 fits."
