status,scenario_id,family,world_id,seed_namespace,seed,run_id,digest,items,completed,failed,censored
developmental_synthetic,baseline_sp,development,world_sp,development,4594190432599945735,world_sp-seed-4594190432599945735,1993be5f14700242674406766e0ab9a44b69efc5a22bc03610b5ed7fceb9dafc,12,12,0,0
developmental_synthetic,baseline_sp,development,world_sp,development,8166473292603767607,world_sp-seed-8166473292603767607,63bf7cbea0e5bb20a3b3efdc1a4b3496e1c2d99f8ce300588fbce8436060d26c,12,5,0,6
developmental_synthetic,baseline_sp,development,world_sp,development,4170565587130884155,world_sp-seed-4170565587130884155,415f6a09dc7f42726989e60314cf1f2a4eb07f68695f41690739d30e593c9f73,12,12,0,0
developmental_synthetic,baseline_sp,development,world_sp,development,2717423041065866496,world_sp-seed-2717423041065866496,df7a0aa4facb755d321e45dbf3a5026a6848e1b9e81bb841164ab82b739c4ccb,12,12,0,0
developmental_synthetic,baseline_sp,development,world_sp,development,3300210048293211683,world_sp-seed-3300210048293211683,de5daf0549c0215887968dba727f88a90aa8ea237c5a1df3e66d65d620d816bb,12,12,0,0
developmental_synthetic,baseline_sp,development,world_sp,development,8029632760491593691,world_sp-seed-8029632760491593691,f65ff9f7e99603fa7cd3403d387dc18748365d9b8569062c6955c2a7fbd87d75,12,11,0,0
developmental_synthetic,baseline_sp,development,world_sp,development,1942033208343472871,world_sp-seed-1942033208343472871,bd57b9dabb64dd39a063145c6f24bdcb568cba331a4d53998baf7035d7f0bfa6,12,12,0,0
developmental_synthetic,baseline_sp,development,world_sp,development,4316497584180809060,world_sp-seed-4316497584180809060,09faa6b1a4156c8e855aef245adc44ec88e4ffd42f9dc4d9163955a3f901e41f,12,5,0,6
developmental_synthetic,baseline_sp,development,world_sp,development,267805246917825788,world_sp-seed-267805246917825788,a8a3638e076c127bdbbf8afcafe91d9ea7ce7d764c0a304618fc3368b86703fa,12,4,0,6
developmental_synthetic,baseline_sp,development,world_sp,development,5323512391870954056,world_sp-seed-5323512391870954056,73d8613c599a3b91eed9ab4818e33ca240aba46f1bb2516fd6e46efbacfd281d,12,12,0,0
developmental_synthetic,baseline_sp,development,world_sp,development,1172434494149480746,world_sp-seed-1172434494149480746,5726ba0ce531adc262a2dcb043134047e781337efebd99208b4f0c4c15a899be,12,12,0,0
developmental_synthetic,baseline_sp,development,world_sp,development,5726125126166933359,world_sp-seed-5726125126166933359,dbb28cfb50e18d649716f0fd5c7947bceaef81e84032e166469d85cb4e610424,12,11,0,0
developmental_synthetic,baseline_sp,development,world_sp,development,319014136358887567,world_sp-seed-319014136358887567,4fc99aa8dd4ddaeef32306aa0cb9aa309295b0a3d163af60edc8f0e6ca4362f8,12,11,0,0
developmental_synthetic,baseline_sp,development,world_sp,development,3209872604180264923,world_sp-seed-3209872604180264923,28ff04f131ce78ff57c837634a1fbcb9e107aae2f300cab7c9cacbee6c2b93c1,12,12,0,0
developmental_synthetic,baseline_sp,development,world_sp,development,6784579373204956173,world_sp-seed-6784579373204956173,8cbebdd89ef1bb16e73b0216f51a5b77294e7fc710f52982bcd55c8ad04576ad,12,5,0,6
developmental_synthetic,baseline_sp,development,world_sp,development,4191090533071896547,world_sp-seed-4191090533071896547,9950fcd46d1a794764b4bd21ebd19b45fe41d36fb27788e9abc01c6ae4f4bbd6,12,12,0,0
developmental_synthetic,baseline_sp,development,world_sp,development,9117653556647870869,world_sp-seed-9117653556647870869,ea66d1c57bb075a9af368454fbf4b354fd673b3472a0fb5be11368febaab8598,12,12,0,0
developmental_synthetic,baseline_sp,development,world_sp,development,8669772086981772072,world_sp-seed-8669772086981772072,4ccef07ff2c5ab7150db15e6020c178046bd747a180c59cfb44ec3e3a164a47d,12,5,0,6
developmental_synthetic,baseline_sp,development,world_sp,development,3353631954069894546,world_sp-seed-3353631954069894546,da9ccf3a7310feba50defbaf395327620f1c4116ca4f25ae78c4184fbfb737d9,12,12,0,0
developmental_synthetic,baseline_sp,development,world_sp,development,9078621501550203399,world_sp-seed-9078621501550203399,f4baa4a3ad6bd449d86fd73c800383dd85d63ec8ef43e1ad6915508d35b5190f,12,12,0,0
developmental_synthetic,baseline_sp,development,world_sp,development,2232509440464157497,world_sp-seed-2232509440464157497,b32fc642c23365ab0aca4100873e2f8d019adf6a52bdcd6833e48096379fc70b,12,12,0,0
developmental_synthetic,baseline_sp,development,world_sp,development,1318810389743050509,world_sp-seed-1318810389743050509,feb92f520ddeb804d93997e42428eaecaadf3cf902530fcb0a9d923a1b032dd3,12,12,0,0
developmental_synthetic,baseline_sp,development,world_sp,development,2672526422288897444,world_sp-seed-2672526422288897444,795ae8fd6ca39a542bc82a7ebabfefbded70a1c78044a4ef523bb46cbabfd485,12,12,0,0
developmental_synthetic,baseline_sp,development,world_sp,development,2184401695212112810,world_sp-seed-2184401695212112810,8ad2d9c79146d5010dde5c5a180c223af853e9fb42d79b1fc33716f711c43310,12,5,0,6
developmental_synthetic,baseline_hie,development,world_hie,development,4594190432599945735,world_hie-seed-4594190432599945735,b5d90d4cb5b444efeacc73ffeae9cb79ba893b97db75e9a984bc0b5e8b680d9b,12,10,0,0
developmental_synthetic,baseline_hie,development,world_hie,development,8166473292603767607,world_hie-seed-8166473292603767607,02d9844246fd64ffd341c9df62017258c00b3c9f3f2d97e88cc2b44f5629df6b,12,12,0,0
developmental_synthetic,baseline_hie,development,world_hie,development,4170565587130884155,world_hie-seed-4170565587130884155,667039f134ffac1c32ee9c96210e38b24194e2d4c092d858d2c6deb1413a3dc9,12,11,0,0
developmental_synthetic,baseline_hie,development,world_hie,development,2717423041065866496,world_hie-seed-2717423041065866496,5000ef9a1dc357f86f3205cfdc40a917f8d0aa1de61541c472308c03cbf1bbfb,12,12,0,0
developmental_synthetic,baseline_hie,development,world_hie,development,3300210048293211683,world_hie-seed-3300210048293211683,9b2e578b03533d3f0075b87b51db56262b60457e2822b734d663f51bda2c5cf7,12,12,0,0
developmental_synthetic,baseline_hie,development,world_hie,development,8029632760491593691,world_hie-seed-8029632760491593691,4046818df9e3e7a425ecaf79ae8dc100cc16706a9829e55a9db20e47744cd3ca,12,12,0,0
developmental_synthetic,baseline_hie,development,world_hie,development,1942033208343472871,world_hie-seed-1942033208343472871,e194cc7366644ed414fa29f2c68c8b18271be0721923d29d390466e72dc320cb,12,12,0,0
developmental_synthetic,baseline_hie,development,world_hie,development,4316497584180809060,world_hie-seed-4316497584180809060,43d5be1106267c3d5c9f23dc457f0ce7e577b6f3b94faeb8b28306c64649725d,12,12,0,0
developmental_synthetic,baseline_hie,development,world_hie,development,267805246917825788,world_hie-seed-267805246917825788,246b64786f5967a155531dc27c3314b3dbd18947843f6a329a26b181ee54683d,12,12,0,0
developmental_synthetic,baseline_hie,development,world_hie,development,5323512391870954056,world_hie-seed-5323512391870954056,34cac1b66cf5840bfc687168f34a819a995fab9fb7405ee45b769bfee16c1cd2,12,12,0,0
developmental_synthetic,baseline_hie,development,world_hie,development,1172434494149480746,world_hie-seed-1172434494149480746,d85fdf131923b4300aee551de3a3c333b6cedfc63a860ba98a53f9dbc7d8fecd,12,5,0,6
developmental_synthetic,baseline_hie,development,world_hie,development,5726125126166933359,world_hie-seed-5726125126166933359,6b1bec2df459339abbcdce32fcb8e8a8c537d6f15d7f06e113c656ca7153c77f,12,12,0,0
developmental_synthetic,baseline_hie,development,world_hie,development,319014136358887567,world_hie-seed-319014136358887567,551876305e3028d14da44534cd979483d71de38dbf229a11923407a65fc38255,12,11,0,0
developmental_synthetic,baseline_hie,development,world_hie,development,3209872604180264923,world_hie-seed-3209872604180264923,a6d569fc8356960c48138ceaa26307a167e0a68e354eeb065242d209c5574398,12,12,0,0
developmental_synthetic,baseline_hie,development,world_hie,development,6784579373204956173,world_hie-seed-6784579373204956173,d0a0cb905abd0828a0f468217fd8be758b5e0f65b1e97626f54c67f6db7b5a57,12,5,0,6
developmental_synthetic,baseline_hie,development,world_hie,development,4191090533071896547,world_hie-seed-4191090533071896547,aefcb431179979b629f7f622619fb58ebff4de4bf5b6fe9a62fe3667c0a07dd6,12,11,0,0
developmental_synthetic,baseline_hie,development,world_hie,development,9117653556647870869,world_hie-seed-9117653556647870869,b2204924fced809e7d1b67e591048c81fc46b7462e08cfff225d481aa0b76c5a,12,5,0,6
developmental_synthetic,baseline_hie,development,world_hie,development,8669772086981772072,world_hie-seed-8669772086981772072,61dc692bd4fca8f92e2f3e27c881a2c6381f966262d6e80d881d8822a53e4029,12,12,0,0
developmental_synthetic,baseline_hie,development,world_hie,development,3353631954069894546,world_hie-seed-3353631954069894546,4ddf94b43003112e8b43de79867b9eb3791da46f29dcab12f34bd6353f87c0fc,12,12,0,0
developmental_synthetic,baseline_hie,development,world_hie,development,9078621501550203399,world_hie-seed-9078621501550203399,a0c0e97ca814588031fd41b6a2159ad90ca3aceaf9b0035a6a19c6085b8e64a1,12,12,0,0
developmental_synthetic,baseline_hie,development,world_hie,development,2232509440464157497,world_hie-seed-2232509440464157497,79f9df76eb3ec4beb6f4a6c17fb97643cb87ee782f0ee038956712e75e45c98a,12,12,0,0
developmental_synthetic,baseline_hie,development,world_hie,development,1318810389743050509,world_hie-seed-1318810389743050509,820e2262225bdb0ecbd720f489900bcb949c67038a43ccb9cf332cf2a81568ae,12,12,0,0
developmental_synthetic,baseline_hie,development,world_hie,development,2672526422288897444,world_hie-seed-2672526422288897444,7e07b853e55324ad8747f862f4762ff85900db9c5a3032edfda20386318f25bb,12,12,0,0
developmental_synthetic,baseline_hie,development,world_hie,development,2184401695212112810,world_hie-seed-2184401695212112810,6bb83b8d6007b1dcef7e978a7cb7cacc18859a5ac6df119b0afc18b5d56233a3,12,5,0,6
developmental_synthetic,baseline_bottleneck,development,world_bottleneck,development,4594190432599945735,world_bottleneck-seed-4594190432599945735,e1dc7babc7d6c15078e9d4fc2319781d0c6f491bbc39906a186a80cf8d4e18c0,12,5,0,6
developmental_synthetic,baseline_bottleneck,development,world_bottleneck,development,8166473292603767607,world_bottleneck-seed-8166473292603767607,c0858c1c9218d2431f1e78fed89460dc73e912b4b59411118d45084a9b6d4893,12,12,0,0
developmental_synthetic,baseline_bottleneck,development,world_bottleneck,development,4170565587130884155,world_bottleneck-seed-4170565587130884155,8384328bb7d4b13bc2117e2c7817a9c53ee1281d98634d5a44d6739f5b575f7a,12,11,0,0
developmental_synthetic,baseline_bottleneck,development,world_bottleneck,development,2717423041065866496,world_bottleneck-seed-2717423041065866496,daaf99594b3c21028fc077f4d1082e618881e5613946698e5cba86367df3d9c8,12,12,0,0
developmental_synthetic,baseline_bottleneck,development,world_bottleneck,development,3300210048293211683,world_bottleneck-seed-3300210048293211683,7a9fabefbb37987ae2de59e1aba603f25df6f6c80b062f8f3f07c0da492c0176,12,12,0,0
developmental_synthetic,baseline_bottleneck,development,world_bottleneck,development,8029632760491593691,world_bottleneck-seed-8029632760491593691,e270e6e143dd9639bf023c037e7066d556e5b18776a66b7f257a7bd86f1042b4,12,12,0,0
developmental_synthetic,baseline_bottleneck,development,world_bottleneck,development,1942033208343472871,world_bottleneck-seed-1942033208343472871,e5901050ad9371f773f3d6382d016262e46c726f998c5cc4b42dbd71c7309609,12,12,0,0
developmental_synthetic,baseline_bottleneck,development,world_bottleneck,development,4316497584180809060,world_bottleneck-seed-4316497584180809060,820468363d685a39920d28d2a500263c005e46d5e96c796d572536747b5f1a24,12,12,0,0
developmental_synthetic,baseline_bottleneck,development,world_bottleneck,development,267805246917825788,world_bottleneck-seed-267805246917825788,5e57d32a6f8e5fae8bfe8d44d722f1ee14ea3f892e9d5c4fe3ccb6682b1f7d48,12,12,0,0
developmental_synthetic,baseline_bottleneck,development,world_bottleneck,development,5323512391870954056,world_bottleneck-seed-5323512391870954056,994ee1e55bc36d8879653ec397929fd877a424b39831586ab2bdac4bbc96b089,12,12,0,0
developmental_synthetic,baseline_bottleneck,development,world_bottleneck,development,1172434494149480746,world_bottleneck-seed-1172434494149480746,f8e9e16e4f4ac7b02c84c061479f2784ad5c20dbecc40feabc5ea74fbb182e32,12,5,0,6
developmental_synthetic,baseline_bottleneck,development,world_bottleneck,development,5726125126166933359,world_bottleneck-seed-5726125126166933359,12fece390a757e04bc737405c39cebe0badbb86591b7386b2ca581b5d1fafd19,12,12,0,0
developmental_synthetic,baseline_bottleneck,development,world_bottleneck,development,319014136358887567,world_bottleneck-seed-319014136358887567,d956bb136ac900e5df751bff6b98020fe96ec35db30e170816f9c59fd4cce255,12,11,0,0
developmental_synthetic,baseline_bottleneck,development,world_bottleneck,development,3209872604180264923,world_bottleneck-seed-3209872604180264923,54ec9175fe067b01c5a3ffb10df92efd152d73494ca9894217f9f9e1eb20bde4,12,12,0,0
developmental_synthetic,baseline_bottleneck,development,world_bottleneck,development,6784579373204956173,world_bottleneck-seed-6784579373204956173,173711ffbb3ee63bbe9b07cc98801376faec0a44d06bd70faf6c08c9b6af1720,12,5,0,6
developmental_synthetic,baseline_bottleneck,development,world_bottleneck,development,4191090533071896547,world_bottleneck-seed-4191090533071896547,f83956b08076886457a3d526674893ecf76faa7677d9890821533ae5ec64aa87,12,11,0,0
developmental_synthetic,baseline_bottleneck,development,world_bottleneck,development,9117653556647870869,world_bottleneck-seed-9117653556647870869,b19b9a51d2c5a9797b9fd5bc9f18a724f58b5b6c4bb40fcda860e0a0d800282a,12,5,0,6
developmental_synthetic,baseline_bottleneck,development,world_bottleneck,development,8669772086981772072,world_bottleneck-seed-8669772086981772072,8f4c8a46e1e6bace674e1ae0690f013e28b8f27ec4079a0ffbab10f1e525d197,12,12,0,0
developmental_synthetic,baseline_bottleneck,development,world_bottleneck,development,3353631954069894546,world_bottleneck-seed-3353631954069894546,5530c9b2b3f71426e85dc2fc3d7b8384c14d86842d9552a31997534141bad3a6,12,12,0,0
developmental_synthetic,baseline_bottleneck,development,world_bottleneck,development,9078621501550203399,world_bottleneck-seed-9078621501550203399,54c554eb178f7c3db3e311157148acbcf0812b84da00e363c6e3c2bb40d9e4aa,12,12,0,0
developmental_synthetic,baseline_bottleneck,development,world_bottleneck,development,2232509440464157497,world_bottleneck-seed-2232509440464157497,c11306055b2fbcf86d8f18634a9b1d48ad5cc408b76c315ffa527a3c8a9005a8,12,12,0,0
developmental_synthetic,baseline_bottleneck,development,world_bottleneck,development,1318810389743050509,world_bottleneck-seed-1318810389743050509,f443f1d6012ade0f9235caf9d6ebdacbb8f865a9e6405c62f1ac2d5c5b4af4dc,12,12,0,0
developmental_synthetic,baseline_bottleneck,development,world_bottleneck,development,2672526422288897444,world_bottleneck-seed-2672526422288897444,003855f89048223d8d554f7d036ddea8d027d289f00f6e022a1e368e3452dde5,12,12,0,0
developmental_synthetic,baseline_bottleneck,development,world_bottleneck,development,2184401695212112810,world_bottleneck-seed-2184401695212112810,df1e53b8c8c8c57b9317aaa35c813c29e7c0f399f4a6bad8d6cc9f6cdf4b37d9,12,5,0,6
developmental_synthetic,review_capacity_low,sensitivity,world_bottleneck,development,4594190432599945735,world_bottleneck-seed-4594190432599945735,2945ee78fd3f5d9d8a6237c9eacb572f51518abed49dbe553ba09feffdbf25a4,24,23,0,0
developmental_synthetic,review_capacity_low,sensitivity,world_bottleneck,development,8166473292603767607,world_bottleneck-seed-8166473292603767607,c9dc758d5bb5a6de249cbba9ef7d821400655ccabf6720075799899760cd8936,24,23,0,0
developmental_synthetic,review_capacity_low,sensitivity,world_bottleneck,development,4170565587130884155,world_bottleneck-seed-4170565587130884155,1e586c8017b5e5da35c56e1dc7afa467fa422ae89c1a9e1526b1db167654629d,24,11,0,12
developmental_synthetic,review_capacity_low,sensitivity,world_bottleneck,development,2717423041065866496,world_bottleneck-seed-2717423041065866496,42c1671f8ee3790018316003f3e03aaa8a9002731b12c6f0876ebfa42a1822ba,24,10,0,12
developmental_synthetic,review_capacity_low,sensitivity,world_bottleneck,development,3300210048293211683,world_bottleneck-seed-3300210048293211683,bb10052dcda1930340c489384fcab451b6f974172c473d0d7515d6e90aa237c3,24,23,0,0
developmental_synthetic,review_capacity_low,sensitivity,world_bottleneck,development,8029632760491593691,world_bottleneck-seed-8029632760491593691,1d5090ef3ead0886c0b3273939616072a6bfd709ec9caccb70da9cb0074e1ee9,24,11,0,12
developmental_synthetic,review_capacity_low,sensitivity,world_bottleneck,development,1942033208343472871,world_bottleneck-seed-1942033208343472871,64ffa819271854f08f026fe7fa99bd2aa90ceda2e8e755ef47bbd69e71bc6a40,24,23,0,0
developmental_synthetic,review_capacity_low,sensitivity,world_bottleneck,development,4316497584180809060,world_bottleneck-seed-4316497584180809060,3da9c039a44c640af7ffdc203c5fcc7c843470bca9b537ec62f1a4e5ba8b3b8d,24,23,0,1
developmental_synthetic,review_capacity_low,sensitivity,world_bottleneck,development,267805246917825788,world_bottleneck-seed-267805246917825788,a13f4829521e64b1857c5472f1410dbac32430856a93527740e199273f4672c1,24,24,0,0
developmental_synthetic,review_capacity_low,sensitivity,world_bottleneck,development,5323512391870954056,world_bottleneck-seed-5323512391870954056,44b8997570d33902e6e7720803d3e581758f2dabb30c80d4317852e7b501eaf1,24,23,0,0
developmental_synthetic,review_capacity_low,sensitivity,world_bottleneck,development,1172434494149480746,world_bottleneck-seed-1172434494149480746,3801c23adaf059464c025e1f660cb006443d5e4b7cbe961b189683ae619af77f,24,10,0,12
developmental_synthetic,review_capacity_low,sensitivity,world_bottleneck,development,5726125126166933359,world_bottleneck-seed-5726125126166933359,eda919cf6f0a4eed9335c13e8d24f07cc8c54ab8ff900d7d40a235a9c9e91da0,24,11,0,12
developmental_synthetic,review_capacity_low,sensitivity,world_bottleneck,development,319014136358887567,world_bottleneck-seed-319014136358887567,366689157fe3696d25f1e2e079dece2c4a8e2581fb1d393a89ab7587bea7c58c,24,11,0,12
developmental_synthetic,review_capacity_low,sensitivity,world_bottleneck,development,3209872604180264923,world_bottleneck-seed-3209872604180264923,2a317ec0cd30982b6de2c2acdf08cc632c2060f7c378e1c153709081e87c622e,24,11,0,12
developmental_synthetic,review_capacity_low,sensitivity,world_bottleneck,development,6784579373204956173,world_bottleneck-seed-6784579373204956173,72001c4fc655295fc1a9ca43157c726b66ad465b93b2ec8f2b2fd991659101d5,24,11,0,12
developmental_synthetic,review_capacity_low,sensitivity,world_bottleneck,development,4191090533071896547,world_bottleneck-seed-4191090533071896547,af0a4c51f7609c9a4ab21a07b0068221b39eee9c16f3263131627dd4d6f85f37,24,24,0,0
developmental_synthetic,review_capacity_low,sensitivity,world_bottleneck,development,9117653556647870869,world_bottleneck-seed-9117653556647870869,03d0b7d3c78fdab3f9f4bec211d26ddb61f881e26361ae17241fe38affde5761,24,23,0,1
developmental_synthetic,review_capacity_low,sensitivity,world_bottleneck,development,8669772086981772072,world_bottleneck-seed-8669772086981772072,90fdeb0d980799c803130c88eda70ffacbae03548354fe4f081967e31f264d1d,24,11,0,12
developmental_synthetic,review_capacity_low,sensitivity,world_bottleneck,development,3353631954069894546,world_bottleneck-seed-3353631954069894546,2043231a833f4a8304cfa0cad592991cfb1849a559f8b52a19f4a0546363945c,24,24,0,0
developmental_synthetic,review_capacity_low,sensitivity,world_bottleneck,development,9078621501550203399,world_bottleneck-seed-9078621501550203399,1d0207774ee2088a010937e9ab0e144ab365fe91316b7b06cafd37ebeb270953,24,11,0,12
developmental_synthetic,review_capacity_low,sensitivity,world_bottleneck,development,2232509440464157497,world_bottleneck-seed-2232509440464157497,c12a915551190d0d255b7d757a08204fda165bf2a50a9e61f4f0d6d282a08d7e,24,11,0,12
developmental_synthetic,review_capacity_low,sensitivity,world_bottleneck,development,1318810389743050509,world_bottleneck-seed-1318810389743050509,b57537ba87fd890904840d70c3011845f52da40174334a15569e4e73d235a465,24,11,0,12
developmental_synthetic,review_capacity_low,sensitivity,world_bottleneck,development,2672526422288897444,world_bottleneck-seed-2672526422288897444,a4ac342cbeef89da507818ad6152b27d52fda5a31de8bfb1ad4c8ff460021921,24,11,0,12
developmental_synthetic,review_capacity_low,sensitivity,world_bottleneck,development,2184401695212112810,world_bottleneck-seed-2184401695212112810,fbbfc48110a798b802ac6e3f8ad2bc99b2a3436428bfaa7b791a5b0f7e30a72d,24,24,0,0
developmental_synthetic,review_capacity_high,sensitivity,world_bottleneck,development,4594190432599945735,world_bottleneck-seed-4594190432599945735,a6a05b45fc09fb654cf83e3defa6160f5c3cdee750bc231e39b211804869092c,24,11,0,12
developmental_synthetic,review_capacity_high,sensitivity,world_bottleneck,development,8166473292603767607,world_bottleneck-seed-8166473292603767607,165fa38cf4a870da8448bb48591f63ebbd57a1b24026fbe52924aea62648dc9f,24,23,0,0
developmental_synthetic,review_capacity_high,sensitivity,world_bottleneck,development,4170565587130884155,world_bottleneck-seed-4170565587130884155,609047317d83f79d2dd849e6a167be63bfade6bb9bfe5173707912dc544db615,24,24,0,0
developmental_synthetic,review_capacity_high,sensitivity,world_bottleneck,development,2717423041065866496,world_bottleneck-seed-2717423041065866496,39a0b549631424955561527ef669437e186c191f35ea3158663a1838af936baf,24,11,0,12
developmental_synthetic,review_capacity_high,sensitivity,world_bottleneck,development,3300210048293211683,world_bottleneck-seed-3300210048293211683,50f1dfd50c3c704083ad08573f8b4a5ee66819ec9958594397117996b913068b,24,24,0,0
developmental_synthetic,review_capacity_high,sensitivity,world_bottleneck,development,8029632760491593691,world_bottleneck-seed-8029632760491593691,405ce076bb36c326be36bf436cca9f478e252d2e4ea0b2d4075f440f6cd740c7,24,11,0,12
developmental_synthetic,review_capacity_high,sensitivity,world_bottleneck,development,1942033208343472871,world_bottleneck-seed-1942033208343472871,41fbb4841625f5abf430e2868e0de9b9a9a4dcf83f6259eb24bc993f46e9ad46,24,23,0,0
developmental_synthetic,review_capacity_high,sensitivity,world_bottleneck,development,4316497584180809060,world_bottleneck-seed-4316497584180809060,f6c86704b6fc15a3f1278b6385b31f9028226b0dfe88a8847c32b3539d88748b,24,24,0,0
developmental_synthetic,review_capacity_high,sensitivity,world_bottleneck,development,267805246917825788,world_bottleneck-seed-267805246917825788,0920a091c4b571ed068d126c1156a92a33454888ac6df258afb340fbefb36431,24,10,0,12
developmental_synthetic,review_capacity_high,sensitivity,world_bottleneck,development,5323512391870954056,world_bottleneck-seed-5323512391870954056,6162ead32071c3a322b64f4fca2193f0d956bf9aa458657baadb436bf02cf6fe,24,11,0,12
developmental_synthetic,review_capacity_high,sensitivity,world_bottleneck,development,1172434494149480746,world_bottleneck-seed-1172434494149480746,7b575fb09ebea1630fc5cd59db1859764c179f55fa99e0d6de3110dec696cd13,24,9,0,12
developmental_synthetic,review_capacity_high,sensitivity,world_bottleneck,development,5726125126166933359,world_bottleneck-seed-5726125126166933359,0fde7431e80f4fc9aaf02def0469127e57ce878062d4ccf027e1ba89d6ae70c0,24,11,0,12
developmental_synthetic,review_capacity_high,sensitivity,world_bottleneck,development,319014136358887567,world_bottleneck-seed-319014136358887567,bf984a833a59e3cbc13ae977660b6ac76168a8a3efd33278f01477f1464223bf,24,24,0,0
developmental_synthetic,review_capacity_high,sensitivity,world_bottleneck,development,3209872604180264923,world_bottleneck-seed-3209872604180264923,6b2519a506e13c1972d93176cf6af21a3b8f443df6d715cd1a1e702700dd775b,24,10,0,12
developmental_synthetic,review_capacity_high,sensitivity,world_bottleneck,development,6784579373204956173,world_bottleneck-seed-6784579373204956173,1ee1dca4694ef4e332ba20fbb44d5f28206b2ef81fa5d3e1112b9cbe26c30da9,24,10,0,12
developmental_synthetic,review_capacity_high,sensitivity,world_bottleneck,development,4191090533071896547,world_bottleneck-seed-4191090533071896547,0bc664aefe43e3d07f598471051c8e62f4f63c63beb5703c27da51fdd0bbd984,24,24,0,0
developmental_synthetic,review_capacity_high,sensitivity,world_bottleneck,development,9117653556647870869,world_bottleneck-seed-9117653556647870869,4ba2a813b544d1709b903573705e1c9e2e7f4b442e40d74dee8142777b7d6cc5,24,11,0,12
developmental_synthetic,review_capacity_high,sensitivity,world_bottleneck,development,8669772086981772072,world_bottleneck-seed-8669772086981772072,59b6156bcf82c7d92b0ee80a02600e013447b1e03acdbf43170ac42e377fc9be,24,23,0,0
developmental_synthetic,review_capacity_high,sensitivity,world_bottleneck,development,3353631954069894546,world_bottleneck-seed-3353631954069894546,e372bafd08bbc29fc59c95f09ba134b0ba0c7f387392349bcdb3dbc9d15aef2c,24,22,0,0
developmental_synthetic,review_capacity_high,sensitivity,world_bottleneck,development,9078621501550203399,world_bottleneck-seed-9078621501550203399,63ce2d52e7031e07b15389dc783cdc04fec91e6292d7c597e96a45db2d63994d,24,9,0,12
developmental_synthetic,review_capacity_high,sensitivity,world_bottleneck,development,2232509440464157497,world_bottleneck-seed-2232509440464157497,3923e91f5b74e3db16f173765d44c4026bee9e91717fe6ab108a29f6f7d7cfa5,24,11,0,12
developmental_synthetic,review_capacity_high,sensitivity,world_bottleneck,development,1318810389743050509,world_bottleneck-seed-1318810389743050509,9d3884b63ca606e16a85073b4a3e7cddc7572113ed2a6d09bde7a2a1377e44a4,24,24,0,0
developmental_synthetic,review_capacity_high,sensitivity,world_bottleneck,development,2672526422288897444,world_bottleneck-seed-2672526422288897444,b7bf477a21b2d8cbb33dc463407e9d869db0d14ee8e1e4748f223bc75f25dc2d,24,10,0,12
developmental_synthetic,review_capacity_high,sensitivity,world_bottleneck,development,2184401695212112810,world_bottleneck-seed-2184401695212112810,dda1215302510daf263c72c9e781626e8bb17e388296ef38a2f6017079d53daa,24,10,0,12
developmental_synthetic,load_low,sensitivity,world_bottleneck,development,4594190432599945735,world_bottleneck-seed-4594190432599945735,057a7e43b7e3fedf9bf82f0dd86fcd29329eba3758ecedfc9fc21c34cc297984,6,6,0,0
developmental_synthetic,load_low,sensitivity,world_bottleneck,development,8166473292603767607,world_bottleneck-seed-8166473292603767607,94e8007e564b1e9a9674434c598d781a2ea1893ed4508c47d7b4c6505a87f651,6,5,0,0
developmental_synthetic,load_low,sensitivity,world_bottleneck,development,4170565587130884155,world_bottleneck-seed-4170565587130884155,8d52a997735648ba89c3647366e692648b73780ea114d74150be816ecd42bec1,6,1,0,3
developmental_synthetic,load_low,sensitivity,world_bottleneck,development,2717423041065866496,world_bottleneck-seed-2717423041065866496,f0187c31d245dbf85d038a0139c91c343fd4907c276d828df9e19897a0d4f6de,6,6,0,0
developmental_synthetic,load_low,sensitivity,world_bottleneck,development,3300210048293211683,world_bottleneck-seed-3300210048293211683,d4a2932f4fa2c046ad014e6fe15d06a298d352346f5ff83eb5c82d128388ec81,6,6,0,0
developmental_synthetic,load_low,sensitivity,world_bottleneck,development,8029632760491593691,world_bottleneck-seed-8029632760491593691,a9af624a8d4231f4fa06c43040597c8c69252064a81a583c0769d009aa2c6363,6,6,0,0
developmental_synthetic,load_low,sensitivity,world_bottleneck,development,1942033208343472871,world_bottleneck-seed-1942033208343472871,ac3d351d7dee830e397813dccb868dd1630a5fdeb08e2f419b6ad57ced4f8036,6,6,0,0
developmental_synthetic,load_low,sensitivity,world_bottleneck,development,4316497584180809060,world_bottleneck-seed-4316497584180809060,889daa36a6325e1e713710641c7ec092351df02e820f92c905149df812be3d0d,6,2,0,3
developmental_synthetic,load_low,sensitivity,world_bottleneck,development,267805246917825788,world_bottleneck-seed-267805246917825788,80abe09527310545a5c23dcfb2715416ee4c9431bbf70bd8d2413f51ecc24bd8,6,6,0,0
developmental_synthetic,load_low,sensitivity,world_bottleneck,development,5323512391870954056,world_bottleneck-seed-5323512391870954056,656b53749a49f8e3b2672d885b51bedc222cb04500d941033c195bda62b65602,6,6,0,0
developmental_synthetic,load_low,sensitivity,world_bottleneck,development,1172434494149480746,world_bottleneck-seed-1172434494149480746,51d5f25d655e53d00002611371ab5eea42c3b3ca8782e7aab83de41fea8c84ce,6,5,0,0
developmental_synthetic,load_low,sensitivity,world_bottleneck,development,5726125126166933359,world_bottleneck-seed-5726125126166933359,c46998defc1966d67c96c8ad65e77c408585017a815bcabdae1847d3a7c0aa47,6,6,0,0
developmental_synthetic,load_low,sensitivity,world_bottleneck,development,319014136358887567,world_bottleneck-seed-319014136358887567,7bd3e6b59e07e945a3993f9286202f56b33ede8cde978c79184f298419435221,6,6,0,0
developmental_synthetic,load_low,sensitivity,world_bottleneck,development,3209872604180264923,world_bottleneck-seed-3209872604180264923,f310f32a26871830c7480690b2416b990ddbaab9a6f3dc9929488e84ed7b8448,6,5,0,0
developmental_synthetic,load_low,sensitivity,world_bottleneck,development,6784579373204956173,world_bottleneck-seed-6784579373204956173,f703d007ba309e9c8be5267d973e14fbc08e116e523071df6f4147ef9bca643a,6,2,0,3
developmental_synthetic,load_low,sensitivity,world_bottleneck,development,4191090533071896547,world_bottleneck-seed-4191090533071896547,825fd32c2689426cfbdb505e281d4711e33e15d2c7332aad2ff685d8149e9092,6,6,0,0
developmental_synthetic,load_low,sensitivity,world_bottleneck,development,9117653556647870869,world_bottleneck-seed-9117653556647870869,d1e57555c4e6d8fafa8fdbad438912bcf966822bc08f97cc6407cd54eab18bf0,6,5,0,0
developmental_synthetic,load_low,sensitivity,world_bottleneck,development,8669772086981772072,world_bottleneck-seed-8669772086981772072,599b2c8f9c43a7e7356d0aa3394a8ebdb93e665f96001ffe9d926df9a10e69a0,6,6,0,0
developmental_synthetic,load_low,sensitivity,world_bottleneck,development,3353631954069894546,world_bottleneck-seed-3353631954069894546,ecf72359acc7c4fb548e25c049c68fd2d1315c4029a9af053eb77462d7ee9f16,6,6,0,0
developmental_synthetic,load_low,sensitivity,world_bottleneck,development,9078621501550203399,world_bottleneck-seed-9078621501550203399,deec4b67cb12229369862ee713946e8c01a7a1559d3062c2adffeb83199b03d4,6,6,0,0
developmental_synthetic,load_low,sensitivity,world_bottleneck,development,2232509440464157497,world_bottleneck-seed-2232509440464157497,30544cc4f106bae1f21642094d7d97689cc3edde134680e08b6e1c924dceeaa9,6,6,0,0
developmental_synthetic,load_low,sensitivity,world_bottleneck,development,1318810389743050509,world_bottleneck-seed-1318810389743050509,f082ee6f3527af30f4a9ed9c789b498cc6a32712d18cb21c4ed83da33200950b,6,6,0,0
developmental_synthetic,load_low,sensitivity,world_bottleneck,development,2672526422288897444,world_bottleneck-seed-2672526422288897444,dc88c0bb02337acaae542fd2397d2354dff7ccf2b742ffb83b25123d25bd8090,6,6,0,0
developmental_synthetic,load_low,sensitivity,world_bottleneck,development,2184401695212112810,world_bottleneck-seed-2184401695212112810,926b459b4b4a1b1ec1f7cb55e8fd3dc11eab77d26e9788728d3617a0eb93744c,6,6,0,0
developmental_synthetic,load_high,sensitivity,world_bottleneck,development,4594190432599945735,world_bottleneck-seed-4594190432599945735,a714a2a46d23f3c36e856041bb0e9ede2d89e14a5c94108c32928308282964f8,36,23,0,13
developmental_synthetic,load_high,sensitivity,world_bottleneck,development,8166473292603767607,world_bottleneck-seed-8166473292603767607,10eee4672cf74c05c9c8ecbbdcbde11b473811f09ca80d72daa37832bf10256f,36,17,0,18
developmental_synthetic,load_high,sensitivity,world_bottleneck,development,4170565587130884155,world_bottleneck-seed-4170565587130884155,386fcaf8b19bd966f8be3a9618beeb8e4a5389b7f13fb10e25ec475023ec9e04,36,18,0,18
developmental_synthetic,load_high,sensitivity,world_bottleneck,development,2717423041065866496,world_bottleneck-seed-2717423041065866496,fffb767f08e3c49cbedb82f766d2b8721d2c366feca5a0ea9ea4f0a525799a63,36,17,0,18
developmental_synthetic,load_high,sensitivity,world_bottleneck,development,3300210048293211683,world_bottleneck-seed-3300210048293211683,17bfbba78805db791b311ccfce4edc84f902877bd304495053c9005521304d92,36,17,0,18
developmental_synthetic,load_high,sensitivity,world_bottleneck,development,8029632760491593691,world_bottleneck-seed-8029632760491593691,f9dac62c6707588d644ee6ed35f99d597847ca1c3f64986b70d323040f78805c,36,20,0,16
developmental_synthetic,load_high,sensitivity,world_bottleneck,development,1942033208343472871,world_bottleneck-seed-1942033208343472871,deeee716a16876071a5b8c87fc82e139d4864abbfafb4330a2aac0d97dbdab5c,36,20,0,16
developmental_synthetic,load_high,sensitivity,world_bottleneck,development,4316497584180809060,world_bottleneck-seed-4316497584180809060,29e8870e997a00b19f9f53b67e7cf365942289e21f4230d048562c038a118d60,36,22,0,14
developmental_synthetic,load_high,sensitivity,world_bottleneck,development,267805246917825788,world_bottleneck-seed-267805246917825788,c0ece132a9638e8c4702988366400ef103bf25d5f972b306ba6ead2c808a6d16,36,17,0,18
developmental_synthetic,load_high,sensitivity,world_bottleneck,development,5323512391870954056,world_bottleneck-seed-5323512391870954056,9ded5a4b35e3f3f7bd2d43df1eafb976b5a0fce57b752b92ba992571ca11829e,36,20,0,16
developmental_synthetic,load_high,sensitivity,world_bottleneck,development,1172434494149480746,world_bottleneck-seed-1172434494149480746,0e2149246ef567cfcdcf7bb07502644a919db9574a095afde783ed4752620d0e,36,17,0,18
developmental_synthetic,load_high,sensitivity,world_bottleneck,development,5726125126166933359,world_bottleneck-seed-5726125126166933359,e6e05a8162f92bc263b7c72705446973136a02b69c6cda2a48f461dacad982fe,36,17,0,18
developmental_synthetic,load_high,sensitivity,world_bottleneck,development,319014136358887567,world_bottleneck-seed-319014136358887567,79ed68103bcaaf0ab974b5afca3882d5e0a3b6c160ef6f56a9f654f2e1fabaf1,36,17,0,18
developmental_synthetic,load_high,sensitivity,world_bottleneck,development,3209872604180264923,world_bottleneck-seed-3209872604180264923,102a019c0be047a569853ca567cee9f1ca75793b6a6cee33bcc6bf0c8e911b6a,36,22,0,14
developmental_synthetic,load_high,sensitivity,world_bottleneck,development,6784579373204956173,world_bottleneck-seed-6784579373204956173,31a2fa4b21b7140e57b5d847b5b4ada5f8d12cd83eef81c0c0dd52e3104a9ee0,36,17,0,18
developmental_synthetic,load_high,sensitivity,world_bottleneck,development,4191090533071896547,world_bottleneck-seed-4191090533071896547,1a1a70e689d5f469f6e1866d7aae90a95f84e8d7938c6ca74e8845758789a4cc,36,20,0,16
developmental_synthetic,load_high,sensitivity,world_bottleneck,development,9117653556647870869,world_bottleneck-seed-9117653556647870869,fd82984dba1c4049109400e16767121e942ebb3d818acf417ee3e0ff771d25b7,36,19,0,17
developmental_synthetic,load_high,sensitivity,world_bottleneck,development,8669772086981772072,world_bottleneck-seed-8669772086981772072,15124b547cd655512ada43f9c0bd27dc4794f33d494ebec7938e7ad59bf784cc,36,17,0,18
developmental_synthetic,load_high,sensitivity,world_bottleneck,development,3353631954069894546,world_bottleneck-seed-3353631954069894546,4194266a73499dadee73c3c6535ddb2d12308f7b4a9ad99c3170d68188957ce0,36,21,0,14
developmental_synthetic,load_high,sensitivity,world_bottleneck,development,9078621501550203399,world_bottleneck-seed-9078621501550203399,f429dbba91304560f01430f6de14a54723798b6677373643cadf7abce98d4aa0,36,17,0,18
developmental_synthetic,load_high,sensitivity,world_bottleneck,development,2232509440464157497,world_bottleneck-seed-2232509440464157497,b6d32e4dce2b0dc0acf9a8de1391a7292edd729aa3e02a6257fd8717b95e7d6e,36,17,0,18
developmental_synthetic,load_high,sensitivity,world_bottleneck,development,1318810389743050509,world_bottleneck-seed-1318810389743050509,3e405db282273139ee3b13ef5927d5893caa32a7c67ac3ff6d712e34f530ea7d,36,17,0,18
developmental_synthetic,load_high,sensitivity,world_bottleneck,development,2672526422288897444,world_bottleneck-seed-2672526422288897444,fee93559a12f13373d10f69ef235904e3650de373a0a79bd142bf67d35ee8ae7,36,21,0,15
developmental_synthetic,load_high,sensitivity,world_bottleneck,development,2184401695212112810,world_bottleneck-seed-2184401695212112810,4daed1dc6196af48f354d09ad1621952700490c3e99c952802bc2acb593adcc8,36,21,0,15
developmental_synthetic,recovery_service_low,parameter_recovery,world_bottleneck,development,4594190432599945735,world_bottleneck-seed-4594190432599945735,c40e17dff30066695e81344e958da275ab61093fdc29fea80d00fd5184e686a9,12,11,0,0
developmental_synthetic,recovery_service_low,parameter_recovery,world_bottleneck,development,8166473292603767607,world_bottleneck-seed-8166473292603767607,ff0c9c1a6df040803271840ad0bd3a087dfca33fead1adc56f8649c7f2326191,12,12,0,0
developmental_synthetic,recovery_service_low,parameter_recovery,world_bottleneck,development,4170565587130884155,world_bottleneck-seed-4170565587130884155,765d2d9bcfbfeb97b81168845c2b1879f56c23ae1ac0256b4e1750b294a67f4d,12,11,0,0
developmental_synthetic,recovery_service_low,parameter_recovery,world_bottleneck,development,2717423041065866496,world_bottleneck-seed-2717423041065866496,bcce65b8a51c51e58e883f8e5e8812cf7dedfd4506a7d820ec60c8ebe6ee30aa,12,12,0,0
developmental_synthetic,recovery_service_low,parameter_recovery,world_bottleneck,development,3300210048293211683,world_bottleneck-seed-3300210048293211683,644daca58ae3898d5e8e68ec3fd2c3d52e39117780bd57ef3a32cec56dd50551,12,5,0,6
developmental_synthetic,recovery_service_low,parameter_recovery,world_bottleneck,development,8029632760491593691,world_bottleneck-seed-8029632760491593691,c83db42f387c27cfa185a5a62df12ef000e4f32d90f46ee2497587f7f4d81149,12,12,0,0
developmental_synthetic,recovery_service_low,parameter_recovery,world_bottleneck,development,1942033208343472871,world_bottleneck-seed-1942033208343472871,a090268484639ec1b789370fca3483a310855631750453b767939d572527ea00,12,12,0,0
developmental_synthetic,recovery_service_low,parameter_recovery,world_bottleneck,development,4316497584180809060,world_bottleneck-seed-4316497584180809060,d5c28c879ae18c045016ee75fe408201c2bf8e9e8150a82f0ad1498d0047674c,12,12,0,0
developmental_synthetic,recovery_service_low,parameter_recovery,world_bottleneck,development,267805246917825788,world_bottleneck-seed-267805246917825788,e91759f5e6f620edcfb2e2775b24059dd27cdcbacfa37d85626a32594e501ea0,12,5,0,6
developmental_synthetic,recovery_service_low,parameter_recovery,world_bottleneck,development,5323512391870954056,world_bottleneck-seed-5323512391870954056,5860f97b9d8b969fe260092d4778a2440b213a6db19464d2f6bbd00e90b11d21,12,12,0,0
developmental_synthetic,recovery_service_low,parameter_recovery,world_bottleneck,development,1172434494149480746,world_bottleneck-seed-1172434494149480746,4faea030805eb4d78fec737204203509c8b3b26d5580df40dff289c1708e9f08,12,4,0,6
developmental_synthetic,recovery_service_low,parameter_recovery,world_bottleneck,development,5726125126166933359,world_bottleneck-seed-5726125126166933359,820e14b9a5e8446f01e01a2b55fccb4a02d1638b2df4f24044a6b3bb7fbf07c8,12,12,0,0
developmental_synthetic,recovery_service_low,parameter_recovery,world_bottleneck,development,319014136358887567,world_bottleneck-seed-319014136358887567,8e8550f1451da9490248ef0781c9b88cb95ac85819c7c4e89975dee68b36ce84,12,11,0,0
developmental_synthetic,recovery_service_low,parameter_recovery,world_bottleneck,development,3209872604180264923,world_bottleneck-seed-3209872604180264923,7c0688570895cabf4e602a5172ebaabc86b8ec157019cc77d23bcb9cde689bc7,12,12,0,0
developmental_synthetic,recovery_service_low,parameter_recovery,world_bottleneck,development,6784579373204956173,world_bottleneck-seed-6784579373204956173,30997ea6d68ed7652c337ce8116e3b7f3e9c14c3da6daf04c09b46395c70979e,12,5,0,6
developmental_synthetic,recovery_service_low,parameter_recovery,world_bottleneck,development,4191090533071896547,world_bottleneck-seed-4191090533071896547,88b3a5c29a6202facf826eca044d0332f0f499e23eb54394876c9cbb8d65014c,12,11,0,0
developmental_synthetic,recovery_service_low,parameter_recovery,world_bottleneck,development,9117653556647870869,world_bottleneck-seed-9117653556647870869,aca08ea8b56a9b022f41e58066e7d666c2d22ea26c0569cf3a370f40993624f2,12,5,0,6
developmental_synthetic,recovery_service_low,parameter_recovery,world_bottleneck,development,8669772086981772072,world_bottleneck-seed-8669772086981772072,78a7e640f94f7866392b08dfbcf9b07889518690601751be0e34c10469f8a299,12,12,0,0
developmental_synthetic,recovery_service_low,parameter_recovery,world_bottleneck,development,3353631954069894546,world_bottleneck-seed-3353631954069894546,9019ecd549fb6462a89f6a6cdc29a528737b8c424b49ebb1b823e58d1631e419,12,12,0,0
developmental_synthetic,recovery_service_low,parameter_recovery,world_bottleneck,development,9078621501550203399,world_bottleneck-seed-9078621501550203399,f7c25b97113ce748abdbe8e696de058c695f81b74e44191604c81ed5dc9755da,12,4,0,6
developmental_synthetic,recovery_service_low,parameter_recovery,world_bottleneck,development,2232509440464157497,world_bottleneck-seed-2232509440464157497,702b23e9a1635de4836f972efb01ca776929b4c8f35c0a068ca18ea9000fc146,12,12,0,0
developmental_synthetic,recovery_service_low,parameter_recovery,world_bottleneck,development,1318810389743050509,world_bottleneck-seed-1318810389743050509,f0a7c7b87d105df76377cffe2d0d19d6e3f451730aa57c0002d99e663a164caf,12,12,0,0
developmental_synthetic,recovery_service_low,parameter_recovery,world_bottleneck,development,2672526422288897444,world_bottleneck-seed-2672526422288897444,e464f713c1231f467672dbcd6306580c02cf87751fcb8f598e20b943faaa3e51,12,12,0,0
developmental_synthetic,recovery_service_low,parameter_recovery,world_bottleneck,development,2184401695212112810,world_bottleneck-seed-2184401695212112810,ac64e3dcb3fa492ff9f9fcaf4a0d75cf4cdcf1d65760ae2f308fe1a3a9ea7de1,12,12,0,0
developmental_synthetic,recovery_service_high,parameter_recovery,world_bottleneck,development,4594190432599945735,world_bottleneck-seed-4594190432599945735,ede3a2e22d4065ec03f715b6bbd8353f6991fbe765d60d89c7044f5b31c61d7f,12,5,0,6
developmental_synthetic,recovery_service_high,parameter_recovery,world_bottleneck,development,8166473292603767607,world_bottleneck-seed-8166473292603767607,f9432a5abd5ad9aec9464566e5e0f5b00b0d29fbd3ca0e4fe3d9eced25b61118,12,12,0,0
developmental_synthetic,recovery_service_high,parameter_recovery,world_bottleneck,development,4170565587130884155,world_bottleneck-seed-4170565587130884155,7ab5c1e0bf7661ab6fd9f2e16cb6464192e2711b2830344cf5c609fbefc309fb,12,11,0,0
developmental_synthetic,recovery_service_high,parameter_recovery,world_bottleneck,development,2717423041065866496,world_bottleneck-seed-2717423041065866496,153b6c77382955780b21e53581849a34affadea7b30aed6932937b03a95beb30,12,12,0,0
developmental_synthetic,recovery_service_high,parameter_recovery,world_bottleneck,development,3300210048293211683,world_bottleneck-seed-3300210048293211683,d62ec1758e64e9f4d2dd188c7fd6b3cc95e067e3e49e81b363186a06192238bb,12,12,0,0
developmental_synthetic,recovery_service_high,parameter_recovery,world_bottleneck,development,8029632760491593691,world_bottleneck-seed-8029632760491593691,e5577b4bfedc645393d6b8b3b8229b96d71d76d6e23fe2d5871b3886717b8721,12,12,0,0
developmental_synthetic,recovery_service_high,parameter_recovery,world_bottleneck,development,1942033208343472871,world_bottleneck-seed-1942033208343472871,357f9acc3b70fa608a5e45c05fce7489544c8324f0209a2b8838713969c7a23e,12,12,0,0
developmental_synthetic,recovery_service_high,parameter_recovery,world_bottleneck,development,4316497584180809060,world_bottleneck-seed-4316497584180809060,91b89365eb717d5fa8b1b473c04cc5fa87361f90da767789678e6412ae5270a1,12,12,0,0
developmental_synthetic,recovery_service_high,parameter_recovery,world_bottleneck,development,267805246917825788,world_bottleneck-seed-267805246917825788,c0053aafb63738ba3e917f876b4e09462744cb329537d22546d01639324c42d9,12,12,0,0
developmental_synthetic,recovery_service_high,parameter_recovery,world_bottleneck,development,5323512391870954056,world_bottleneck-seed-5323512391870954056,132669ea560a7d58a889dac199732718e04f125cf9c5c2bdf48b75283a08a22e,12,12,0,0
developmental_synthetic,recovery_service_high,parameter_recovery,world_bottleneck,development,1172434494149480746,world_bottleneck-seed-1172434494149480746,a2a1115d8e337b703c00fb9b8dbd84650bb8ee0468d8c13d8647386a87e48bc2,12,5,0,6
developmental_synthetic,recovery_service_high,parameter_recovery,world_bottleneck,development,5726125126166933359,world_bottleneck-seed-5726125126166933359,4f46ab5ce893214c08b74c683e50ccd551d072f8aec1d49c61653b7f3c9fc1f8,12,12,0,0
developmental_synthetic,recovery_service_high,parameter_recovery,world_bottleneck,development,319014136358887567,world_bottleneck-seed-319014136358887567,24f2035e870d64929317e0617f0acb6722d0c962a26186eeaaad9a8f81b1be24,12,11,0,0
developmental_synthetic,recovery_service_high,parameter_recovery,world_bottleneck,development,3209872604180264923,world_bottleneck-seed-3209872604180264923,79e9167a50fcbaaecb7cbbffff64afdad97e105c0530d2ace8c5377f6eaa9aa9,12,12,0,0
developmental_synthetic,recovery_service_high,parameter_recovery,world_bottleneck,development,6784579373204956173,world_bottleneck-seed-6784579373204956173,c97aaf3283d99a8778073f20e74d4adfb0283fe3b90d708b1fb3044f38e1a58f,12,5,0,6
developmental_synthetic,recovery_service_high,parameter_recovery,world_bottleneck,development,4191090533071896547,world_bottleneck-seed-4191090533071896547,cccf0075b261dc1bba0f7f15ce89e86c45a7ac2fc6b8067143dcf4bfc1d4e4a5,12,11,0,0
developmental_synthetic,recovery_service_high,parameter_recovery,world_bottleneck,development,9117653556647870869,world_bottleneck-seed-9117653556647870869,d9dcae2c08365403f19b165dbf875bc8cad6163e0971868c099602efe1f96c42,12,5,0,6
developmental_synthetic,recovery_service_high,parameter_recovery,world_bottleneck,development,8669772086981772072,world_bottleneck-seed-8669772086981772072,3c9285ddb5d21ee334edea7cd2975bfac6ebbd718d42be6b06553d51cd0ffc6d,12,12,0,0
developmental_synthetic,recovery_service_high,parameter_recovery,world_bottleneck,development,3353631954069894546,world_bottleneck-seed-3353631954069894546,ac54592f975f5527fc34be248cf25384ad69450a8de9c5b1c695cd41faa2326a,12,12,0,0
developmental_synthetic,recovery_service_high,parameter_recovery,world_bottleneck,development,9078621501550203399,world_bottleneck-seed-9078621501550203399,5c0a80d9c9a7dfc108dda13d1210badbb2fc140057b774fba32a4c18977468b6,12,12,0,0
developmental_synthetic,recovery_service_high,parameter_recovery,world_bottleneck,development,2232509440464157497,world_bottleneck-seed-2232509440464157497,efcba63db2ea4fb36065a79311012c2a53af049b161dd41a751bd85ba84fd02a,12,12,0,0
developmental_synthetic,recovery_service_high,parameter_recovery,world_bottleneck,development,1318810389743050509,world_bottleneck-seed-1318810389743050509,28552a0e8ac53a21d7930d691f1af6fbe1ccbe5b0ba4a11982147504efc5a292,12,5,0,6
developmental_synthetic,recovery_service_high,parameter_recovery,world_bottleneck,development,2672526422288897444,world_bottleneck-seed-2672526422288897444,9a2d38f02575b4853bbab13617e14e3306c06de350281bb7809ff40e2da90bd8,12,12,0,0
developmental_synthetic,recovery_service_high,parameter_recovery,world_bottleneck,development,2184401695212112810,world_bottleneck-seed-2184401695212112810,4c18c841404aa083e340c0d6fbaf46204eeb746ef3ae0a6c94e727265bbfcf05,12,5,0,6
developmental_synthetic,edge_no_rework,edge,world_sp,development,4594190432599945735,world_sp-seed-4594190432599945735,1993be5f14700242674406766e0ab9a44b69efc5a22bc03610b5ed7fceb9dafc,12,12,0,0
developmental_synthetic,edge_no_rework,edge,world_sp,development,8166473292603767607,world_sp-seed-8166473292603767607,7abcabbed27a73ee2b0acdce291585f0ddfa0075e382f37f27e402228e59a587,12,12,0,0
developmental_synthetic,edge_no_rework,edge,world_sp,development,4170565587130884155,world_sp-seed-4170565587130884155,415f6a09dc7f42726989e60314cf1f2a4eb07f68695f41690739d30e593c9f73,12,12,0,0
developmental_synthetic,edge_no_rework,edge,world_sp,development,2717423041065866496,world_sp-seed-2717423041065866496,df7a0aa4facb755d321e45dbf3a5026a6848e1b9e81bb841164ab82b739c4ccb,12,12,0,0
developmental_synthetic,edge_no_rework,edge,world_sp,development,3300210048293211683,world_sp-seed-3300210048293211683,de5daf0549c0215887968dba727f88a90aa8ea237c5a1df3e66d65d620d816bb,12,12,0,0
developmental_synthetic,edge_no_rework,edge,world_sp,development,8029632760491593691,world_sp-seed-8029632760491593691,57c841344ca08121fb60a82154f12d6e3473b1282497105a09958791d0da4872,12,12,0,0
developmental_synthetic,edge_no_rework,edge,world_sp,development,1942033208343472871,world_sp-seed-1942033208343472871,bd57b9dabb64dd39a063145c6f24bdcb568cba331a4d53998baf7035d7f0bfa6,12,12,0,0
developmental_synthetic,edge_no_rework,edge,world_sp,development,4316497584180809060,world_sp-seed-4316497584180809060,82d245e70bcd804fa350a8ca72a6269257e49911e313b37b277a79def860e673,12,12,0,0
developmental_synthetic,edge_no_rework,edge,world_sp,development,267805246917825788,world_sp-seed-267805246917825788,378d7d7aa51cf0c5395afe997091800cf9be7b2709f86ac05de16c1ec95761dc,12,12,0,0
developmental_synthetic,edge_no_rework,edge,world_sp,development,5323512391870954056,world_sp-seed-5323512391870954056,73d8613c599a3b91eed9ab4818e33ca240aba46f1bb2516fd6e46efbacfd281d,12,12,0,0
developmental_synthetic,edge_no_rework,edge,world_sp,development,1172434494149480746,world_sp-seed-1172434494149480746,5726ba0ce531adc262a2dcb043134047e781337efebd99208b4f0c4c15a899be,12,12,0,0
developmental_synthetic,edge_no_rework,edge,world_sp,development,5726125126166933359,world_sp-seed-5726125126166933359,389ffb9b9ad884d2c129d33b3faf683af493d85df5063d5f372c79b742fe8e58,12,12,0,0
developmental_synthetic,edge_no_rework,edge,world_sp,development,319014136358887567,world_sp-seed-319014136358887567,ed19b45ff68e24a8655a46f6fe52cc6dc59bcc63d5df33633e760054af19d7f9,12,12,0,0
developmental_synthetic,edge_no_rework,edge,world_sp,development,3209872604180264923,world_sp-seed-3209872604180264923,28ff04f131ce78ff57c837634a1fbcb9e107aae2f300cab7c9cacbee6c2b93c1,12,12,0,0
developmental_synthetic,edge_no_rework,edge,world_sp,development,6784579373204956173,world_sp-seed-6784579373204956173,56e3f1bef24c169c75453462def94141a18ccce9bacefe0fa3013adbe8eea9ed,12,12,0,0
developmental_synthetic,edge_no_rework,edge,world_sp,development,4191090533071896547,world_sp-seed-4191090533071896547,9950fcd46d1a794764b4bd21ebd19b45fe41d36fb27788e9abc01c6ae4f4bbd6,12,12,0,0
developmental_synthetic,edge_no_rework,edge,world_sp,development,9117653556647870869,world_sp-seed-9117653556647870869,ea66d1c57bb075a9af368454fbf4b354fd673b3472a0fb5be11368febaab8598,12,12,0,0
developmental_synthetic,edge_no_rework,edge,world_sp,development,8669772086981772072,world_sp-seed-8669772086981772072,609fa140d9a3deedaf9c16d58b2e64d3fee0aa5e3f359c79d9f5b9a2ec6858a7,12,12,0,0
developmental_synthetic,edge_no_rework,edge,world_sp,development,3353631954069894546,world_sp-seed-3353631954069894546,da9ccf3a7310feba50defbaf395327620f1c4116ca4f25ae78c4184fbfb737d9,12,12,0,0
developmental_synthetic,edge_no_rework,edge,world_sp,development,9078621501550203399,world_sp-seed-9078621501550203399,f4baa4a3ad6bd449d86fd73c800383dd85d63ec8ef43e1ad6915508d35b5190f,12,12,0,0
developmental_synthetic,edge_no_rework,edge,world_sp,development,2232509440464157497,world_sp-seed-2232509440464157497,b32fc642c23365ab0aca4100873e2f8d019adf6a52bdcd6833e48096379fc70b,12,12,0,0
developmental_synthetic,edge_no_rework,edge,world_sp,development,1318810389743050509,world_sp-seed-1318810389743050509,9fb831e0d8cd23090f0494be2109eec2b4b0dac54a90e1d7db1cef95142c25c5,12,12,0,0
developmental_synthetic,edge_no_rework,edge,world_sp,development,2672526422288897444,world_sp-seed-2672526422288897444,869caad12229631fba7c09aaf4ebc8908ea2506e063ac1146b864f35c1ab1298,12,12,0,0
developmental_synthetic,edge_no_rework,edge,world_sp,development,2184401695212112810,world_sp-seed-2184401695212112810,5351ed50b7198daf0ea49ad3f636f01fbe0e0b23e71dda7b02709c6b18f89d50,12,12,0,0
developmental_synthetic,edge_severe_queue,adversarial_development,world_bottleneck,development,4594190432599945735,world_bottleneck-seed-4594190432599945735,a9238d130672b2a6d2d68b754fa64f4c49cc3ed6acd13415c38be43ac8747238,48,10,0,37
developmental_synthetic,edge_severe_queue,adversarial_development,world_bottleneck,development,8166473292603767607,world_bottleneck-seed-8166473292603767607,74197159ec363e5d24c094845cab6ed3972774c2ebc59da00beb8bc9e1234c5b,48,9,0,39
developmental_synthetic,edge_severe_queue,adversarial_development,world_bottleneck,development,4170565587130884155,world_bottleneck-seed-4170565587130884155,285b952dd766218ec87d95692a3fb6257cd4d17dfc0b48a962cf2f1851d80275,48,9,0,39
developmental_synthetic,edge_severe_queue,adversarial_development,world_bottleneck,development,2717423041065866496,world_bottleneck-seed-2717423041065866496,2d5a1c99e7bc2407a747c5b1badf8c538c1cb273c61b6bda9aea14dc3e2a9283,48,9,0,38
developmental_synthetic,edge_severe_queue,adversarial_development,world_bottleneck,development,3300210048293211683,world_bottleneck-seed-3300210048293211683,8e9ffc43699bd8581f26fe877c5654415bff422f55be2b03d64b08a98ef375bb,48,10,0,37
developmental_synthetic,edge_severe_queue,adversarial_development,world_bottleneck,development,8029632760491593691,world_bottleneck-seed-8029632760491593691,7e0c22fec5b34bb62fa291b8d950e3c7d2709a91bd50dd269ef985ef29b5812c,48,9,0,39
developmental_synthetic,edge_severe_queue,adversarial_development,world_bottleneck,development,1942033208343472871,world_bottleneck-seed-1942033208343472871,1290b66224c0ece7d40248d3d148ea9dde5cbcfd199c24285b17f0d05a5e9d5e,48,10,0,37
developmental_synthetic,edge_severe_queue,adversarial_development,world_bottleneck,development,4316497584180809060,world_bottleneck-seed-4316497584180809060,0cac6957242831588163dff294391a9f758c586ed1fa25b7c918d7a16186d51c,48,10,0,38
developmental_synthetic,edge_severe_queue,adversarial_development,world_bottleneck,development,267805246917825788,world_bottleneck-seed-267805246917825788,42ca057c81f408a2d83fa9fe0b195207d5baeb10f2bbe8d034d3face25d0a1d3,48,11,0,37
developmental_synthetic,edge_severe_queue,adversarial_development,world_bottleneck,development,5323512391870954056,world_bottleneck-seed-5323512391870954056,0fda8bb4a2f0d2edfd2e3153fbed379511b23fa5e6043a93de7bca6c73d9a20a,48,10,0,38
developmental_synthetic,edge_severe_queue,adversarial_development,world_bottleneck,development,1172434494149480746,world_bottleneck-seed-1172434494149480746,bae281fb9ac56d00d8d0dc082cffc5c8ea1f02c2c4fddb1b49e3ee6e8f328fcf,48,7,0,39
developmental_synthetic,edge_severe_queue,adversarial_development,world_bottleneck,development,5726125126166933359,world_bottleneck-seed-5726125126166933359,207fe33654b9ac5dddce6f42ca8687001c83d0992c4cebf0c9b69007b202a5e5,48,8,0,39
developmental_synthetic,edge_severe_queue,adversarial_development,world_bottleneck,development,319014136358887567,world_bottleneck-seed-319014136358887567,866f5d02a19fa0d4ffda020879ec33c20c7aab01c94e8fd90254d9124efa5144,48,12,0,36
developmental_synthetic,edge_severe_queue,adversarial_development,world_bottleneck,development,3209872604180264923,world_bottleneck-seed-3209872604180264923,b312d8ae71557fbdfcc03e257007f1ebc3409fe61c760a3042f5096242b23fd5,48,11,0,37
developmental_synthetic,edge_severe_queue,adversarial_development,world_bottleneck,development,6784579373204956173,world_bottleneck-seed-6784579373204956173,84bf5234bff0013a4bfa7ca89eefc8dd2f4a72031b3a820eed65b35948cbbef8,48,9,0,38
developmental_synthetic,edge_severe_queue,adversarial_development,world_bottleneck,development,4191090533071896547,world_bottleneck-seed-4191090533071896547,dc67527183d7b6e20574d6708b5c97426cd27aedecce8965b3e910a200345974,48,10,0,38
developmental_synthetic,edge_severe_queue,adversarial_development,world_bottleneck,development,9117653556647870869,world_bottleneck-seed-9117653556647870869,41713b4cbe5d420a556d2aae71d8787625f6f4c08d3efb69d32e46f92e73c776,48,9,0,39
developmental_synthetic,edge_severe_queue,adversarial_development,world_bottleneck,development,8669772086981772072,world_bottleneck-seed-8669772086981772072,57632a2ecf33496a2df7afd1b49907a1fd0af22a8be64cd286098330a29ced58,48,10,0,37
developmental_synthetic,edge_severe_queue,adversarial_development,world_bottleneck,development,3353631954069894546,world_bottleneck-seed-3353631954069894546,f11a4f2be533a18c6ec232d5c6d66eb014a6572d8ce366c416f8e210a479d8c8,48,12,0,36
developmental_synthetic,edge_severe_queue,adversarial_development,world_bottleneck,development,9078621501550203399,world_bottleneck-seed-9078621501550203399,56a261b1da0682d6342d8773db76cf5513d381d818700d3247dcbf4119d4c9dd,48,10,0,38
developmental_synthetic,edge_severe_queue,adversarial_development,world_bottleneck,development,2232509440464157497,world_bottleneck-seed-2232509440464157497,e7b361c5fbb8adba4895846367e7ad50c53ac600d11f824e67b8696170506737,48,9,0,38
developmental_synthetic,edge_severe_queue,adversarial_development,world_bottleneck,development,1318810389743050509,world_bottleneck-seed-1318810389743050509,919f39f9578e850127d1c3f0291ddb7ff2edc5bedb6c504df1ce83dfebf41ce5,48,9,0,38
developmental_synthetic,edge_severe_queue,adversarial_development,world_bottleneck,development,2672526422288897444,world_bottleneck-seed-2672526422288897444,9969d6481fbb5055498e935970ed2149088845306835ec8b68b0409a6b3896ba,48,8,0,39
developmental_synthetic,edge_severe_queue,adversarial_development,world_bottleneck,development,2184401695212112810,world_bottleneck-seed-2184401695212112810,47dbc9454352edaa22800615bb0f61ba43bb8e5f7db6f896328d8c66befbe11b,48,11,0,37
